Country Name,1960,1961,1962,1963,1964,1965,1966,1967,1968,1969,1970,1971,1972,1973,1974,1975,1976,1977,1978,1979,1980,1981,1982,1983,1984,1985,1986,1987,1988,1989,1990,1991,1992,1993,1994,1995,1996,1997,1998,1999,2000,2001,2002,2003,2004,2005,2006,2007,2008,2009,2010,2011,2012
Aruba,,,,,,,,,,,,,,,,,,,,,,,,,,,,,,,,,,,80.43,84.86,86.64,82.53,79.64,79.95,74.39,70.49,64.93,63.11,65.08,68.55,65.49,65.91,66.26,63.79,61.5,70.77,
Andorra,,,,,,,,,,,,,,,,,,,,,,,,,,,,,,,,,,,,,,,,,,,,,,,,,,,,,
Afghanistan,4.13,4.45,4.88,9.17,8.89,11.26,8.57,6.77,8.9,10.09,9.78,10.92,14.76,12.95,14.02,12.68,13.22,11.66,10.84,,,,,,,,,,,,,,,,,,,,,,,,32.39,43.56,34,27.4,26.47,17.82,17.99,14.71,10.02,6.11,5.52
Angola,,,,,,,,,,,,,,,,,,,,,,,,,,35.72,38.55,32.59,33.02,33.87,38.91,30.26,68.79,53.9,85.36,,82.72,68.49,56.72,86.3,89.63,75.39,68.29,68.43,70.14,86.02,79.84,76.4,78.1,55.06,62.41,64.98,60.1
Albania,,,,,,,,,,,,,,,,,,,,,23.12,22.98,19.38,18.2,17.41,16.24,15.06,15.47,16.38,17.94,14.87,7.22,11.49,15.42,11.35,12.48,12.32,10.47,10.76,17.29,19.14,20.52,20.42,20.62,21.54,22.27,25.09,28.78,29.51,28.41,32.43,33.8,31.3
Arab World,,,,,,,,,36.76,37.57,39.44,40.41,43.85,61.16,50.23,52.19,45.51,43.4,39.2,44.58,50.01,49.63,41.35,35.94,33.81,30.93,25.99,29.03,29.66,31.36,34.99,31.62,33.64,31.93,32.4,34.6,36.13,35.73,29.3,32.78,41.07,40.18,40.49,44.52,48.36,52.7,54.16,54.37,57.71,48.04,50.04,55.88,55.91
United Arab Emirates,,,,,,,,,,,,,,,,,,,,,,,,,,,,,,,,,,,,,,,,,,49.16,49.5,55.92,63.57,67.59,68.63,72.38,78.87,79.26,78.38,90.32,95.15
Argentina,7.6,5.99,4.69,7.89,5.56,6.23,6.65,7.5,6.48,6.4,5.6,6.01,7.2,7.61,6.9,5.82,9.18,9.62,8.61,6.51,5.06,6.92,9.09,9.15,7.59,11.74,8.16,7.87,9.53,13.06,10.36,7.68,6.6,6.91,7.53,9.68,10.43,10.56,10.42,9.83,10.99,11.58,28.38,25.93,25.71,25.07,24.76,24.63,24.48,21.35,21.71,21.82,19.71
Armenia,,,,,,,,,,,,,,,,,,,,,,,,,,,,,,,35,40.75,39.82,47.22,39.33,23.93,23.24,20.27,19,20.76,23.38,25.47,29.36,32.15,29.73,28.81,23.36,19.19,15.05,15.47,20.83,23.76,25.08
American Samoa,,,,,,,,,,,,,,,,,,,,,,,,,,,,,,,,,,,,,,,,,,,,,,,,,,,,,
Antigua and Barbuda,,,,,,,,,,,,,,,,,,47.7,61.6,81.79,67.3,73.22,67.82,61.35,74.74,75.14,84.11,79.6,78.74,81,88.95,90.08,96.11,96.22,58.8,85.3,75.67,76.45,75.14,72.54,62.9,60.32,55.79,57.59,59,54.42,48.03,44.86,46.17,44.61,45.1,49.04,48.72
Australia,12.97,12.38,13.92,12.98,14.91,13.2,12.91,12.86,12.28,11.93,12.96,12.64,12.81,14.13,13.13,14.26,13.51,14,13.61,14.29,16.42,14.89,13.52,13.57,13.55,15.23,14.97,15.44,15.9,15.07,15.12,16.05,16.67,17.55,17.97,17.86,18.87,19.11,19.58,18.34,19.42,22.11,20.66,18.91,16.99,18.08,19.63,19.93,19.83,22.56,19.53,21.14,21.26
Austria,23.25,23.01,23.42,23.43,23.4,23.77,23.71,23.7,24.31,26.85,28.46,28.08,27.98,27.96,30.24,29.19,29.87,29.04,30.25,32.08,32.92,34.28,32.97,31.66,34.02,36.28,33.24,32.63,34.35,36.37,37.08,35.93,34.44,32.69,33.41,34.83,35.49,39.25,40.89,42.05,46.21,48.08,48.68,48.24,51.48,53.84,56.36,58.9,59.27,50.05,54.39,57.3,57.2
Azerbaijan,,,,,,,,,,,,,,,,,,,,,,,,,,,,,,,43.86,45.65,86.2,57.43,24.72,27.9,29.52,29.02,22.7,27.98,39.04,40.92,42.77,42.01,48.79,62.94,66.51,68.13,65.78,51.64,54.3,56.43,53.71
Burundi,12.5,12.93,13.11,7.52,14.09,10.35,10.78,10.8,10.3,9.66,10.69,8.44,11.73,11.02,9.75,8.28,13.73,17.6,11.71,14.16,8.81,9.14,10.21,9.05,11.5,11.03,11.72,9.74,12.59,9.75,7.87,9.92,8.75,9.38,10.27,12.93,5.82,9.84,8,7.58,6.32,5.18,4.69,6.38,6.95,8.2,7.28,7.26,9.49,6.8,8.92,9.35,8.95
Belgium,37.8,39.01,40.57,41.71,42.5,41.98,43.67,42.69,44.87,48.8,48.88,47.58,47.99,52.22,57.51,49.92,52.79,51.65,49.75,54.28,54.49,58.78,63.17,65.66,70.03,67.9,62.28,60.74,64.59,69.11,66.99,65.48,63.94,61,63.52,65.36,65.62,69.79,69.7,69.96,78.14,77.85,76.69,73.93,75.94,78.68,80.76,82.55,84.43,73.69,79.82,84.98,86.13
Benin,6.12,4.58,3.52,3.82,5.14,7.27,6.85,7.67,9.33,11.77,15.18,17.79,14.38,15.66,14.32,14.53,12.99,16.18,16.53,17.52,15.82,15.93,17.77,13.76,19.58,23.65,16.68,15.27,13.8,13.5,19.18,21,23.24,22.46,28.33,27.37,26.5,27.18,27.09,29.06,25.44,22.35,22.22,20.98,20.03,21.57,18.48,19.54,19.78,15.78,15.11,14.98,
Burkina Faso,4.86,5.43,5.53,5.58,2.8,4.65,5.05,4.93,6.2,5.82,5.46,5.51,6.4,6.31,8.32,7.35,8.21,7.96,7.47,8.25,8.95,9.28,8.2,7.88,10.96,9.92,8.99,11.36,11,8.75,10.97,10.45,8.85,8.95,14.2,14.14,10.56,10.81,12.81,9.52,9.08,9.24,9.18,8.71,11.33,9.74,11.35,10.57,9.88,12.61,17.05,21.14,27.49
Bangladesh,10,10.78,10.75,9.98,10.03,9.66,10.28,9.31,8.33,8.15,8.31,6.29,5.67,6.54,3.7,2.9,4.75,7.04,5.56,6.11,5.49,5.27,5.21,5.74,3.28,5.55,5.35,5.17,5.63,5.75,6.12,6.66,7.59,9.02,9,10.86,11.08,11.99,13.33,13.19,13.98,15.38,14.28,14.21,15.46,16.58,18.97,19.78,20.34,19.43,18.41,22.9,23.17
Bulgaria,,,,,,,,,,,,,,,,,,,,,35.71,35.64,34.28,37.15,40.13,42.8,40.03,40.79,45.57,46.42,33.12,43.48,47.11,38.21,45.05,51.92,59.39,58.68,59.09,55.98,50.46,48.72,47.45,48.53,51.93,40.54,61.21,59.47,58.22,47.51,57.41,66.5,66.63
Bahrain,,,,,,,,,,,,,,,,,,,,,124.11,131.13,118.98,96.68,96.49,101.77,98.71,102.37,95.34,98.64,115.56,85,84.38,83.87,81.19,81.99,87.91,79.08,64.6,78.87,79.18,73.61,72.22,72.06,78.61,83.89,84.64,79.68,82.58,68.47,69.54,79,75.27
"Bahamas, The",,,,,,,,,,,,,,,,,,82.65,82.66,68.87,70.38,67.38,65.79,66.57,63.59,64.79,63.82,61.32,,53.83,54.16,50.95,50.25,51.97,51.02,49.55,48.04,43,40.4,42.5,44.36,39.72,42.17,41.75,44.55,45.19,44.66,46.74,46.04,39.86,40.86,43.59,44.79
Bosnia and Herzegovina,,,,,,,,,,,,,,,,,,,,,,,,,,,,,,,,,,,15.45,20.41,23.62,27.83,27.3,27.64,28.69,28.39,24.35,30.29,32.24,32.14,36.66,43.33,41.06,31.67,35.5,31.31,31.17
Belarus,,,,,,,,,,,,,,,,,,,,,,,,,,,,,,,45.96,36.85,59.29,67.64,71.27,49.67,46.35,59.86,59.05,59.2,69.21,66.75,63.63,65.16,67.89,59.8,60.06,60.94,60.94,50.53,54.28,81.13,81.64
Belize,,,,,,,,,,,,,,,,,,,,,55.38,53.4,47.98,49.07,62.45,48.48,55.52,60.46,62.02,59.74,62.22,54.27,49.73,46.7,49.84,47.97,50.01,52.79,52.59,55.07,52.99,50.87,52.55,53.19,50.56,54.66,61.13,61.09,62.33,51.57,58.18,61.08,
Bermuda,,,,,,,,,,,,,,,,,,,,,,,,,,,,,,,,,,,,,,,,,,,,,,,,,,,,,
Bolivia,,,,,,,,,,,24.59,21.39,21.11,27.71,35.29,25.94,27.68,26.77,22.6,24.17,24.53,23.27,29.06,28.32,23.65,19.05,21.32,19.63,18.77,22.5,22.78,21.48,20.05,19.08,21.66,22.55,22.58,21.11,19.7,16.88,18.27,19.97,21.63,25.6,31.14,35.55,41.77,41.8,44.91,35.72,41.19,44.12,47.25
Brazil,7.06,7.28,3.87,9.04,6.39,7.74,6.82,5.77,6,6.62,7.03,6.41,7.26,8.27,8.01,7.54,7.04,7.25,6.68,7.12,9.05,9.42,7.61,11.42,13.55,12.25,8.82,9.46,10.89,8.93,8.2,8.68,10.87,10.5,9.51,7.26,6.57,6.82,6.93,9.41,9.98,12.18,14.1,14.99,16.43,15.13,14.37,13.36,13.66,10.98,10.87,11.89,12.56
Barbados,43.72,45.06,51.08,55.08,52.1,58.39,62.53,60.34,63.26,61.59,59.5,61.23,64.85,60.32,62.31,50.38,44.89,49.59,58.08,65.43,70.13,59.74,63.83,70.51,71.93,67.75,56.53,45.99,48.71,50.3,42.89,40.83,41.46,42.64,45.26,45.93,47.03,45.57,41.55,40.85,42.4,40.21,38.22,42.15,40.91,43.99,44.94,45.29,46.03,41.48,46.34,39.34,42.48
Brunei Darussalam,,,,,,,,,,,,,,,90.05,90.06,93.65,94.63,95.01,95.06,93.36,93.14,89.34,88.27,,,,,,61.81,61.81,66.68,57.87,54.76,51.08,59.72,59.93,57.19,50.47,55.82,67.35,69.53,67.12,69.29,68.8,70.17,71.72,67.85,78.3,72.78,81.44,81.28,81.37
Bhutan,,,,,,,,,,,,,,,,,,,,,13.65,15.44,13.7,12.06,12.93,14.99,17.63,23.55,28.07,28.05,26.83,32.16,31.99,31.57,29.53,37.77,35.49,35.9,33.1,31.11,28.98,28.94,24.92,26.19,31.29,38.25,54.42,54.97,46.59,45.71,39.83,34.59,
Botswana,26.28,27.22,27.93,28.99,28.81,31.71,29.27,24.61,23.05,22.77,24.66,33.15,37.37,38.83,40.92,43.59,50.39,50.9,52.06,54.12,53.06,49.71,54.56,62.08,60.81,66.29,68.33,75.13,70.52,59.22,55.06,53.03,48.18,47.1,47.82,50.84,53.83,60.88,49.29,55.2,51.83,48.66,52.16,48.83,49.61,52.92,52.25,53.69,52.73,37.06,35.77,44.35,44.5
Sub-Saharan Africa (IFC classification),,,,,,,,,,,,,,,,,,,,,,,,,,,,,,,,,,,,,,,,,,,,,,,,,,,,,
Central African Republic,23.27,26.49,24.59,25.24,28.45,27.1,28.35,26.3,34.31,27.33,31.94,29.8,24.93,28.62,27.74,21.13,22.19,25.2,23.42,22.43,25.22,24.38,22.18,24.15,23.39,22.01,18.19,17.84,17.74,20.3,17.07,17.59,16.87,17.1,23.4,22.22,21.47,26.88,22.66,19.22,20.37,17.16,15.96,18.24,14,13.23,14.92,15.13,11.7,9.54,10.4,11.43,11.57
Canada,16.97,17.75,17.78,18.25,19.19,18.54,19.34,20.27,21.2,21.25,22.32,21.45,21.67,23.18,24.51,22.43,22.15,23.18,25.05,26.88,28.08,26.92,25.69,25.46,28.64,28.28,27.85,26.82,26.72,25.68,25.81,25.12,27.09,30.21,34,37.32,38.39,39.49,41.44,43.18,45.58,43.54,41.56,38.12,38.42,37.81,36.13,34.96,35.12,28.75,29.43,31.11,30.42
East Asia and the Pacific (IFC classification),,,,,,,,,,,,,,,,,,,,,,,,,,,,,,,,,,,,,,,,,,,,,,,,,,,,,
Europe and Central Asia (IFC classification),,,,,,,,,,,,,,,,,,,,,,,,,,,,,,,,,,,,,,,,,,,,,,,,,,,,,
Switzerland,27.77,27.19,26.86,26.62,26.57,27.51,28.14,27.89,29.53,31.32,31.44,29.87,29.41,29.68,31.22,30.15,32.24,35.18,33.67,33.9,35.26,36.13,34.94,34.89,36.56,37.94,36.04,35.26,35.99,37.49,35.67,34.62,35.33,35.8,35.52,35.22,35.83,39.18,39.69,41.23,45.43,44.65,43.27,42.91,45.05,47.58,50.82,54.37,54.27,50.37,51.75,51.25,52.3
Channel Islands,,,,,,,,,,,,,,,,,,,,,,,,,,,,,,,,,,,,,,,,,,,,,,,,,,,,,
Chile,13.47,12.04,11.92,12.26,12.61,13.61,14.81,14.27,13.98,16.46,14.61,11.03,9.82,13.65,20.38,25.44,25.12,20.62,20.58,23.28,22.82,16.42,19.37,24.01,24.23,28.15,29.09,30.13,34.25,35.39,33.99,32.4,29.81,26.62,28.24,29.3,27.28,27.08,26.3,29.6,29.29,30.87,31.54,33.92,37.86,38.38,42.43,43.83,41.51,37.17,38.06,37.99,34.21
China,,,,,,,,,,,2.61,2.76,3.18,4.33,4.98,4.59,4.81,4.69,6.6,8.52,10.65,12.58,11.67,10.19,10.41,9.21,10,14.49,14.83,13.9,16.07,17.37,18.65,19.65,21.27,20.23,20.05,21.75,20.35,20.17,23.33,22.6,25.13,29.56,33.95,37.08,39.13,38.41,34.98,26.71,29.4,28.54,27.33
Cote d'Ivoire,34.24,35.29,34.39,33.94,35.89,36.82,36.41,36.22,40.7,36.76,35.77,32.21,33.51,35.75,45.7,36.73,41.74,42.63,36.52,34.6,35,35.18,36.42,36.96,45.31,46.77,39.5,33.43,30.49,32.03,31.69,30.01,31.91,29.44,40.53,41.76,41.1,41.42,39.41,40.35,40.43,41.84,50.03,45.84,48.56,51.05,52.65,47.82,46.51,,,,
Latin America and the Caribbean (IFC classification),,,,,,,,,,,,,,,,,,,,,,,,,,,,,,,,,,,,,,,,,,,,,,,,,,,,,
Middle East and North Africa (IFC classification),,,,,,,,,,,,,,,,,,,,,,,,,,,,,,,,,,,,,,,,,,,,,,,,,,,,,
Cameroon,,,,,,23.76,20.99,20.63,22.12,23.38,26.21,23.02,20.39,20.69,25.44,22.68,22.64,25.06,23.66,21.08,27.88,21.87,33.21,30.4,33.48,33.45,23.28,16.69,16.03,20.71,20.18,20,20.55,16.18,21.12,23.58,23.38,21.43,21.43,21.5,29.17,27.5,25,23.96,22.71,24.47,29.3,31.02,31.07,23.54,25.49,29.49,29.16
"Congo, Rep.",20.45,19.46,30.49,36.47,38.15,36.01,29.89,30.48,30.39,32.08,34.74,32.58,28.31,31.62,53.23,35.89,40.38,45.58,43.72,47.41,60.02,58.02,55.27,57.95,61.63,56.79,39.83,41.73,40.62,48.52,51.77,41.63,40.69,42.84,58.52,64.7,68.46,75.6,76.28,72.29,80.3,77.42,81.52,80.81,80.53,84.16,84.16,78.53,75.15,70.42,85.12,87.28,
Colombia,15.66,12.96,12.19,11.98,11.92,11.42,12.11,11.98,12.98,13.23,14.31,12.83,14.24,15.22,14.58,15.8,17.1,16.9,16.6,15.23,16.21,11.85,10.93,10.44,11.88,13.81,18.84,16.95,16.29,18,20.57,21.34,17.71,16.43,15,14.53,15.2,14.84,15.01,18.35,15.92,15.39,14.82,16.58,16.77,16.85,17.64,16.54,17.79,16.03,15.94,18.93,18.27
Comoros,,,,,,,,,,,,,,,,,,,,,8.7,11.76,15.69,19.83,9.02,17,16.44,15.25,17.98,14.88,14.25,20.01,18.04,19.97,20.07,19.76,18.32,18.14,11.35,12.71,16.74,15.52,15.73,17.52,15.11,14.14,14.2,14.73,13.91,14.67,15.63,15.32,
Cabo Verde,,,,,,,,,,,,,,,,,,,,,17.07,21.47,22.93,24.63,22.77,22.64,17.61,18.1,16.71,19.23,14.63,14.08,14.33,15.07,12.58,14.57,17.27,23.56,19.28,18.4,24.08,26.89,29.75,28.64,28.93,33.67,40.43,31.54,32.1,27.01,28.91,31.47,31.85
Costa Rica,21.42,21.78,23.59,22.88,25.26,23.47,25.13,25.45,28.4,27.14,28.22,27.25,30.67,31.12,33.53,30.06,28.91,30.87,28.18,26.92,26.48,43.27,45.08,29.92,29,27.12,27.03,26.68,29.35,30.27,30.22,33.56,35.22,35.77,35.56,37.56,39.31,40.75,47.44,51.74,48.62,41.48,42.39,46.67,46.26,48.5,49.13,48.71,45.44,42.28,38.17,37.43,37.67
South Asia (IFC classification),,,,,,,,,,,,,,,,,,,,,,,,,,,,,,,,,,,,,,,,,,,,,,,,,,,,,
Caribbean small states,48.64,53.15,51.88,52.11,52.5,52.12,43.59,42.93,43.97,44.38,42.47,43.07,41.4,42.51,51.34,47.79,46.11,51.34,53.31,54.4,57.68,53.13,46.42,44.61,49.91,49.85,48.25,47.17,45.42,48.17,49.95,48.33,51.9,48.74,49.33,51.99,49.21,47.92,47.57,48.62,51.62,48.18,42.62,44.47,46.92,49.86,56.36,50.69,53.49,209.77,45.27,55.47,
Cuba,,,,,,,,,,,32.63,32.63,32.63,32.62,32.61,32.64,32.63,32.63,32.61,32.56,32.75,32.58,32.64,32.53,32.31,33.71,31.73,32.9,32.03,31.16,30.24,21.93,16.92,13.19,13.24,13.4,15.31,14.92,14.25,14.54,14.13,13.24,11.53,12.95,16.02,21.02,18.71,20.34,20.57,17.14,22.16,19.96,
Curacao,,,,,,,,,,,,,,,,,,,,,,,,,,,,,,,,,,,,,,,,,,,,,,,,,,,,,
Cayman Islands,,,,,,,,,,,,,,,,,,,,,,,,,,,,,,,,,,,,,,,,,,,,,,,,,,,,,
Cyprus,,,,,,,,,,,,,,,,35.49,49.75,47.81,42.33,44.68,45.26,50.25,50.92,50.41,54.66,48.74,45.04,47.29,48.08,51.46,51.5,47.09,49.46,47.49,47.69,50.01,50.77,51.83,49.79,51.75,55.36,55.99,50.75,46.97,47.78,48.32,48,47.94,45.44,40.27,40.11,,
Czech Republic,,,,,,,,,,,,,,,,,,,,,,,,,,,,,,,39.37,45.95,47.66,47.76,44.36,48.08,46.51,49.77,52.25,53.33,60.93,62.62,57.64,59.09,62.98,64.43,66.97,68.22,64.45,58.95,66.58,72.89,78.03
Germany,,,,,,,,,,,16.43,15.81,15.8,16.68,19.81,18.58,19.63,19.53,19.15,19.36,20.22,21.87,22.67,22.04,23.59,24.91,23.12,22.46,22.9,24.22,24.8,25.7,24.01,21.99,22.83,23.74,24.8,27.4,28.58,29.4,33.38,34.79,35.67,35.72,38.55,41.32,45.51,47.17,48.15,42.46,47.64,50.63,51.79
Djibouti,,,,,,,,,,,,,,,,,,,,,,,,,,,,,,,53.84,53.84,44.55,43.98,41.93,39.14,38.52,38.83,40.45,37.32,35.06,37.3,38.57,39.91,36.97,40.62,39.89,57.09,,,,,
Dominica,,,,,,,,,,,,,,,,,,41.24,42.72,28.01,22,34.57,41.23,41.15,35.62,36.54,53.33,53.23,54.64,47.14,54.54,51.16,51.98,48.56,49.06,49.81,51.34,55.8,58.66,58.57,44.54,36.64,37.67,34.74,35.55,35.77,37.78,35.31,35.12,32.54,35.98,34.36,40.09
Denmark,32.31,30,28.62,30.4,29.85,29.3,28.55,27.34,27.66,27.55,28.04,27.79,27.37,28.74,31.9,30.2,29.01,29.05,28.06,29.74,33.21,37.08,36.88,36.89,37.33,37.45,33.05,32.4,34.31,36.18,37.15,38.54,37.85,37.37,37.69,37.53,37.83,38.73,38.17,40.66,46.51,47.19,47.19,45.3,45.32,48.99,52.07,52.22,54.73,47.64,50.44,53.67,54.8
Dominican Republic,25.59,23.25,23.87,20.73,19.7,16.3,16.34,18.08,18.49,18.48,17.23,16.47,20.67,21.88,24.94,27.72,20.89,20.01,17.34,20.64,19.17,20.82,14.34,14.41,28.21,28.15,24.36,25.56,33.02,33.47,33.83,40.12,37.07,36.74,36.71,35.77,35.2,36.22,35.83,36.57,37.05,33.73,32.48,43.08,42.33,30.03,29.99,28.78,25.49,22.25,23.03,25.05,24.88
Algeria,39.04,46.24,19.79,24.68,25.08,22.6,25.99,23.43,23.14,23.79,22.07,18.44,20.45,25.5,38.75,33.69,33.05,30.59,25.54,31.15,34.34,34.59,30.92,27.94,25.71,23.58,12.85,14.27,15.51,18.64,23.44,29.12,25.32,21.78,22.53,26.19,29.76,30.91,22.58,26.81,41.18,36.69,35.5,38.25,40.05,47.21,48.81,47.07,47.97,35.37,38.44,38.74,37.2
East Asia & Pacific (developing only),,,,,,,,,,,6.84,6.98,7.45,9.11,10.9,9.61,10.14,10.07,11.36,14.05,16.24,16.99,15.7,14.56,14.99,13.86,14.35,18.63,19.3,19.31,21.3,22.57,23.73,24.55,26.44,26.11,25.95,28.31,31.05,29.69,33.17,31.81,32.96,36.14,40.34,43.11,44.44,43.39,40.5,32.63,35.2,35,33.52
East Asia & Pacific (all income levels),15.41,13.79,13.69,13.49,13.9,14.69,15.46,14.78,15.71,16.32,13.64,14.26,14.25,15.63,17.92,16.9,18.21,18.11,17.57,18.81,21.18,21.93,21.09,20.55,21.42,20.65,19.66,21.06,21.33,20.81,21.06,21.18,21.36,21.26,21.84,22.44,22.5,23.88,25.7,24.56,26.67,25.76,26.46,28.47,31.39,32.95,34.77,35.43,35.79,29.75,32.82,33.39,32.57
Europe & Central Asia (developing only),,,,,,,,,,,,,,,,,,,,,,,,,,,,,,22.64,20.31,20.95,26.33,23.15,27.85,30.03,30.96,32.68,30.94,32.49,36.86,38.74,36.65,35.86,37.32,35.4,37.36,37.31,38.57,35.94,37.74,42.07,36.15
Europe & Central Asia (all income levels),19.45,19.22,18.89,18.74,18.91,19.11,19.32,19.02,20.02,20.92,20.77,20.76,20.76,21.88,24.89,23.19,24.28,24.84,24.55,25.32,25.65,26.99,27.04,27.41,29.23,29.54,26.46,25.98,26.1,27,26.78,26.55,28.54,27.81,28.71,30.21,30.54,32.21,32.49,33.22,36.64,36.45,35.44,34.68,35.88,37.1,39.2,39.51,40.43,36.22,39.63,42.21,42.43
Ecuador,16.85,16.49,17.89,16.25,15.65,8.98,10.49,10.11,11.04,8.5,9.44,10.58,12.41,17.88,22.65,16.07,16.04,16.3,14.73,17.91,17.15,14.62,14.66,15.56,17.38,19.68,15.63,15.37,19.01,20.28,22.76,23.67,24.13,20.04,20.28,22.78,23.24,22.72,19.1,27.25,32.13,23.22,21.49,22.6,24.55,27.62,30.33,31.93,34.16,25.25,28.75,32.18,31.15
"Egypt, Arab Rep.",19.52,17.21,17.16,18.66,18.52,17.54,16.95,14.65,13.19,14.21,14.18,13.79,13.35,13.98,20.51,20.18,22.27,22.48,21.75,29.73,30.51,33.37,27.03,25.48,22.35,19.91,15.73,12.56,17.32,17.89,20.05,27.82,28.4,25.84,22.57,22.55,20.75,18.84,16.21,15.05,16.2,17.48,18.32,21.8,28.23,30.34,29.95,30.25,33.04,24.96,21.35,20.57,17.43
Euro area,18.38,18.11,17.82,17.62,17.99,18.33,18.65,18.33,19.05,20.03,19.79,19.84,20.1,20.93,23.85,22.3,23.21,23.56,23.5,24.5,24.8,26.51,26.55,26.84,28.72,29.02,26.02,25.44,25.95,27.21,27.1,27.15,26.84,26.74,28.14,29.66,30.07,32.41,33.06,33.28,36.97,37.05,36.28,35.23,36.7,38.02,40.26,41.29,41.76,36.7,40.97,43.79,44.75
Eritrea,,,,,,,,,,,,,,,,,,,,,,,,,,,,,,,,,11.42,30.56,28.02,22.39,29.23,29.61,14.83,9.53,9.67,10.81,11.78,6.44,5.78,6.17,6.9,5.77,4.43,4.53,4.79,14.38,
Spain,8.37,7.97,8.3,7.71,8.81,8.19,8.89,8.55,10.57,11.33,12.45,13.36,13.69,13.67,13.53,12.7,12.9,13.6,14.25,14.07,14.67,16.71,17.43,19.58,21.87,21.42,18.68,18.19,17.76,17.04,16.14,16.18,16.62,18.18,20.85,22.4,23.64,26.31,26.67,26.68,29.05,28.53,27.33,26.32,25.94,25.67,26.29,26.9,26.5,23.94,27.36,30.84,32.65
Estonia,,,,,,,,,,,,,,,,,,,,,,,,,,,,,,,,,,66.27,71.4,68.07,61.88,71.74,74.56,70.44,84.59,79.83,70.93,69.19,73.07,77.72,72.7,67.07,71.05,63.86,79.24,90.51,90.56
Ethiopia,,,,,,,,,,,,,,,,,,,,,,7.72,6.87,6.56,7.7,5.9,6.94,6.03,5.94,6.67,5.62,4.11,3.25,5.85,7.2,9.79,9.35,11.99,13.51,12.09,12.16,12.12,12.75,13.46,15.02,15.27,14.04,12.87,11.61,10.69,13.85,17,13.93
European Union,19.34,19.02,18.67,18.57,18.7,18.89,19.12,18.78,19.81,20.74,20.6,20.66,20.64,21.77,24.99,23.31,24.41,25,24.68,25.47,25.65,26.97,26.99,27.36,29.16,29.45,26.42,25.89,25.89,27,27,27,26.8,27.17,28.43,30.1,30.53,32.34,32.54,32.7,36.12,36.12,35.26,34.45,35.7,37.04,39.39,39.84,40.7,36.39,40.19,42.9,43.12
Finland,21.11,20.01,19.92,19.07,18.97,19.01,18.7,18.52,21.3,22.7,24.16,22.84,23.94,23.89,25.99,22.4,23.83,27.17,28.2,29.93,31.19,31.68,29.22,29.1,29.92,28.44,25.84,25.16,23.99,23.38,22.53,21.66,25.97,31.82,34.8,36.47,37.23,38.76,38.58,38.83,43.58,41.51,40.53,38.7,39.86,41.76,45.49,45.81,46.83,37.34,40.35,40.98,40.57
Fiji,38.12,30.68,35.66,51.07,55.94,46.32,43.44,44.57,47.39,49.53,48.38,49.79,45.89,45.29,49.13,42.99,37.71,43.92,42.65,45.27,47.78,43.02,43.23,43.61,42.83,44.36,41.66,45.32,54.3,62.67,62.34,57.31,51.92,52.38,56.42,59.29,62.85,61.04,60.8,61.02,65.16,60.67,61.48,59.87,53.81,53.13,49.91,49.04,55.46,48.58,56.32,59.34,62.3
France,14.4,13.92,12.83,12.6,12.64,13.23,13.29,13.14,13.17,14.01,15.97,16.49,16.67,17.58,20.73,18.96,19.46,20.33,20.58,21.11,21.4,22.42,21.86,22.89,24.33,23.81,20.8,20.02,20.81,22.15,21.48,21.81,21.81,21.2,22.03,22.96,23.39,25.93,26.47,26.35,28.81,28.36,27.5,25.91,26.14,26.36,27.02,26.86,26.95,23.37,25.53,26.9,27.44
Faeroe Islands,,,,,,,,,,,,,,,,,,,,,,,,,,,,,,,,,,,,,,,,,,,,,,,,,,,,,
"Micronesia, Fed. Sts.",,,,,,,,,,,,,,,,,,,,,,,,3.38,,,,,,,,,,,,,,,,,,,,,,,,,,,,,
Gabon,34.17,31.21,31.71,47.1,41.89,43.24,39.74,48.05,48.42,54.66,49.72,66.32,73.09,58.85,57.55,49.52,45.58,51.59,61.76,58.49,64.72,63.36,61.59,61.32,59.09,62.57,35.19,42.69,36.73,45.8,46.04,47.26,46.08,48.79,61.68,59.39,62.66,61.3,47.41,59.61,69.03,59.03,53.56,55.34,62.2,64.74,61.93,62.25,63.84,52.5,53.85,58.29,56.88
United Kingdom,20.21,19.9,19.42,19.32,18.73,18.51,18.75,18.48,20.7,21.48,22.33,22.46,21.15,23.09,27.35,25.4,28.05,29.76,28.3,27.82,27.14,26.68,26.3,26.49,28.33,28.75,25.62,25.34,22.95,23.63,24.22,23.43,23.66,25.59,26.65,28.42,29.16,28.34,26.25,25.83,27.31,26.92,25.89,25.52,25.21,26.62,28.72,26.65,29.39,28.37,30.11,32.07,31.54
Georgia,,,,,,,,,,,,,,,,,,,,,,,,,,,,41.56,42.54,42.37,39.95,27.78,35.67,46.89,57.77,25.5,13.33,15.61,16.46,19.06,22.99,24.46,29.23,31.84,31.56,33.75,32.87,31.21,28.62,29.74,34.95,36.28,38.44
Ghana,28.18,26.13,24.21,21.18,19.9,17.12,14.62,17.4,20.32,19.72,21.33,15.76,20.7,21.45,18.33,19.36,15.71,10.49,8.36,11.23,8.47,4.76,3.34,5.56,8.04,10.65,16.58,19.66,18.18,16.74,16.88,16.96,17.23,20.25,25.26,24.5,32.11,32.41,33.87,32.08,48.8,45.23,42.62,40.68,39.3,36.45,25.19,24.52,25.03,29.29,29.48,44.12,45.85
Guinea,,,,,,,,,,,,,,,,,,,,,,,,,,,31.09,31.63,26.87,31.09,31.08,30.33,24.87,26.52,22.75,21.12,19.2,19.56,21.29,21.64,24.52,28.58,26.48,25.96,24.63,34.79,40.59,28.76,34.93,26.54,28.35,30.25,29.72
"Gambia, The",,,,,,,36.17,40.52,39.99,40.39,37.79,32.37,33.77,35.1,38.97,44.71,41.06,36.74,33.68,34.96,42.74,43.96,44.33,50.49,51.12,43.86,46.62,49.42,50.37,55.06,59.9,29.44,30.59,28.19,21.24,23.78,21.8,22.93,25.31,24.4,25.8,21.82,27.16,31.09,34.22,32.76,33.85,28.89,23.45,25.35,23.49,28.86,28.57
Guinea-Bissau,,,,,,,,,,,4,4.16,4.36,6.06,5.02,5.18,5.27,9.3,7.73,7.27,12.69,11.19,7.84,6.01,13.4,9.76,5.24,11.37,12.44,8.89,9.94,9.98,4.9,8.87,16.45,11.67,10.52,21.02,14.44,24.86,18.92,18.39,15.5,16.25,15.95,17.29,14.81,17.27,15.89,15.51,16.5,26.47,17.32
Equatorial Guinea,,,68.14,62.8,62.6,42.11,43.82,42.43,29.62,36.1,35.7,46.47,34.79,38.34,42.34,42.98,47,47.01,,,,,,,,30.09,35.46,37.24,40.17,36.67,32.15,48.23,1.95,1.97,56.02,55.2,77.58,100.82,101.75,,99.46,101.35,99.62,96.85,90.13,87.42,86.76,81.89,95.87,82.84,84.78,85.64,84.37
Greece,8.51,8.65,9.06,9.35,8.54,8.36,10.5,9.94,8.94,9.06,9.68,10.01,11.21,14.29,17.45,17.36,17.25,17.16,16.76,18.63,23.73,26.26,21.13,20.23,20.63,19.81,21.72,22.25,20.03,19.58,18.14,17.43,18.27,17.25,17.74,17.71,17.62,19.8,19.96,22.54,25.73,24.87,21.81,20.71,23.13,23.21,23.15,23.79,24.13,19.26,22.24,25.05,27
Grenada,,,,,,,,,,,,,,,,,,50.64,50.33,51.45,47.35,44.71,40.21,38.53,37.95,43.04,53.01,47.99,47.05,40.28,42.43,40.71,39.59,49.03,48.06,44.81,44.66,43.97,46.19,57.43,45.05,37.67,31.71,30.11,32.96,21.25,23.03,24.74,22.8,22.46,21.45,22.57,25.24
Greenland,,,,,,,,,,,,,,,,,,,,,,,,,,,,,,,,,,,,,,,,,,,,,,,,,,,,,
Guatemala,12.64,11.95,11.79,14.29,15.39,16.79,18.94,16.21,16.73,17.8,18.57,17.29,18.91,20.88,22.41,21.72,21.57,24.46,21.48,21.35,22.19,17.09,14.79,12.99,13,11.95,16.05,15.85,16.1,17.31,21.03,17.95,18.07,17.7,17.52,19.26,17.81,17.96,18.17,19,20.2,28.21,26.3,25.77,26.98,25.05,24.93,25.57,24.72,23.98,25.81,26.61,24.95
Guam,,,,,,,,,,,,,,,,,,,,,,,,,,,,,,,,,,,,,,,,,,,,,,,,,,,,,
Guyana,48.73,52.07,56.64,62.93,57.11,55.26,54.99,57.44,58.24,59.25,56.46,58.41,57.47,52.19,68.35,74.88,66.08,63.21,63.08,59.81,81.29,68.92,52.78,45.88,44.16,48.09,46.3,79.57,63.63,66.34,62.71,105.91,127.56,117.38,104.95,101.21,102.62,99.66,95.93,96.51,96.08,94.99,92.77,89.81,95.79,84.62,,,,,,,
High income,12.83,12.36,12.36,12.3,12.54,12.81,13.05,12.89,13.88,14.37,15.02,15.12,15.16,16.65,18.7,17.89,18.46,18.58,18.32,19.18,20.3,20.75,20.04,19.7,20.63,20.41,18.82,18.85,19.22,19.75,19.9,19.74,20.54,20.21,20.77,21.93,22.16,23.18,23.37,23.49,25.48,24.88,24.35,24.32,25.59,26.57,28.03,28.69,29.8,26.3,28.7,30.49,30.42
"Hong Kong SAR, China",83.05,71.63,70.26,69.11,68.85,68.82,75.91,80.63,90.21,94.97,93.19,89.36,84.39,85.42,86.63,83.4,89.44,83.36,85.58,89.63,88.93,91.06,85.9,95.88,106.57,107.17,109.3,119.78,129.77,130.13,130.66,134.19,137.76,135.06,133.94,142.93,136.36,129.33,124.27,127.02,141.76,137.12,147.36,168.13,186.65,194.65,201.8,203.72,208.78,191.23,219.38,225.34,224.77
Honduras,21.39,22.32,22.49,22.09,22.47,27.27,28.62,28.52,30.41,27.98,27.91,29.69,29.27,32.22,32.14,30.69,33.72,34.83,36.18,37.69,37.24,31.64,26.67,26.16,25.7,25.1,26.59,22.96,26.29,31,37.2,34.52,32.17,34.68,39.84,43.7,46.85,46.19,46.42,41.02,53.97,51.38,52.73,54.09,58.42,59.01,56.05,53.51,51.33,39.53,45.76,51.26,50.39
Heavily indebted poor countries (HIPC),,,,,,22.45,22.47,21.43,22.46,22.62,23.47,21.52,22.06,22.56,25.65,21.75,23.03,22.87,21.54,23.28,23.04,20.21,19.95,20.62,22.23,21.26,19.56,18.55,17.85,19.4,19.31,17.97,17.88,17.72,21.88,23.41,23.23,22.56,22.4,21.89,25.31,24.91,25.6,26.58,28.52,29.16,29.82,30.19,30.51,25.08,28.59,31,28.43
Croatia,,,,,,,,,,,,,,,,,,,,,,,,,,,,,,,,77.65,59.63,52.39,45.84,33.13,35.89,35.68,35.3,36.53,41.69,43.43,40.93,42.57,42.93,42.35,42.84,42.28,42.06,36.6,39.74,42.26,43.38
Haiti,,,,,,,,,,,,,,,,,,,,,,,,,,,,,,,,10.31,7.57,10.85,6.42,9.13,11.33,10.45,9.9,12.25,12.7,12.36,12.13,15.82,15.35,14.04,14.49,13.24,12.73,14.18,12.25,13.67,13.23
Hungary,20.66,22.82,24.2,25.17,26.09,29.03,28.26,26.49,26.24,28.34,30.13,30.03,34.12,38.19,41.61,41.2,38.27,41.09,38.41,41.09,39.09,39.52,37.95,40.24,41.08,42.2,39.64,37.87,36.82,36.04,31.14,33.19,31.86,26.76,29.31,45.21,48.97,55.36,61.75,64.62,74.6,71.98,63.25,61.41,63.35,65.95,77.74,81.3,81.66,77.59,87.31,94,
Indonesia,15.04,10.71,5.81,10.17,13.73,5.53,13.37,9.2,11.39,9.45,13.45,15.04,17.49,21.04,29.8,24.01,24.53,24.84,22.91,30.56,34.18,29.04,25.3,26.34,25.59,22.2,19.49,23.93,23.78,24.29,25.33,25.8,27.89,26.75,26.51,26.31,25.82,27.86,52.97,35.51,40.98,39.03,32.69,30.48,32.22,34.07,31.03,29.44,29.81,24.16,24.58,26.35,24.26
Isle of Man,,,,,,,,,,,,,,,,,,,,,,,,,,,,,,,,,,,,,,,,,,,,,,,,,,,,,
India,4.39,4.23,4.1,4.21,3.66,3.25,4.07,3.96,3.97,3.65,3.72,3.6,3.96,4.14,4.75,5.55,6.57,6.27,6.21,6.63,6.03,5.83,5.88,5.74,6.18,5.16,5.11,5.51,5.93,6.9,6.93,8.35,8.69,9.66,9.72,10.66,10.21,10.51,10.83,11.25,12.77,12.34,14.02,14.69,17.55,19.28,21.07,20.43,23.6,20.05,21.97,23.87,24
Not classified,,,,,,,,,,,,,,,,,,,,,,,,,,,,,,,,,,,,,,,,,,,,,,,,,,,,,
Ireland,29.53,32.1,29.91,31.12,30.96,32.28,34.54,35.1,36.02,34.62,33.91,33.12,31.7,34.86,39.04,39.16,42.43,45.3,45.8,45.61,45.45,44.44,44.09,48.11,54.62,55.37,50.31,53.73,56.96,60.38,56.05,56.95,59.84,64.93,69.63,75.33,76.99,79.38,86.84,89.08,97.54,99.65,93.81,83.32,83.45,81.36,79.24,80.35,83.32,90.19,99.82,102.68,107.81
"Iran, Islamic Rep.",,,,,,16.28,16.52,17.62,17.86,18.54,19.16,24.06,24.11,35.15,49.43,43.14,39.84,33.21,25.1,28.09,14.41,12.82,17.73,15.45,12.01,9.39,3.93,9.61,7.72,10.15,14.52,14.97,14.51,27.41,30.35,21.71,20.84,17.43,13.63,21.42,22.71,20.5,26.54,27.23,29.05,33.06,32.45,32.18,,,,,
Iraq,,,,,,,,,,,,,,,,,,,,,,,,,,,,,,,,,,,,,,,,,75.7,65.27,70.57,77.39,56.27,54.35,51.03,45.9,50.33,39.4,38.76,43.16,44.52
Iceland,41.28,41.4,45.03,41.16,37.07,36.24,32.85,28.05,31.59,43.2,44.98,37.43,35.02,35.57,31.41,33.29,34.54,32.92,36.52,37.95,35.49,34.62,32.18,39.69,38.01,40.25,38.59,34.28,31.76,33.53,33.65,31.3,30.3,32.77,35.77,35.53,36.28,36.23,34.72,33.58,33.58,38.8,37.43,34.29,34.07,31.73,32.24,34.65,44.4,52.86,56.37,59.06,59.43
Israel,11.92,11.53,17.8,18.65,17.73,18.85,19.94,23.69,29.8,29.16,27.03,30.75,31.33,30.05,30.09,32.63,38.95,44.57,49.57,47.44,43.78,42.5,38.15,35.38,40.58,44.66,39.45,39.2,35.1,36.81,34.69,29.88,30.63,32.45,32.62,28.64,28.18,29.3,29.95,34.13,37.3,32.91,34.82,36.57,41.33,42.75,41.38,41.17,38.67,33.61,34.97,35.5,36.18
Italy,12.5,12.79,12.67,12.16,12.82,14.29,14.7,14.46,15.24,15.84,15.8,16.24,17,16.79,19.31,19.52,20.89,22.28,22.59,23.33,21.04,22.58,22.01,21.19,21.89,22,19.49,18.74,18.32,19.3,19.03,17.76,18.22,21.26,22.79,25.71,24.68,25.21,25.15,24.28,26.77,26.86,25.48,24.41,25.19,25.87,27.62,28.85,28.46,23.75,26.58,28.83,30.22
Jamaica,33.24,33.3,33.02,34.17,33.46,33.28,37.45,36.05,36.84,36.76,33.23,33.82,32.78,31.55,35.68,35.26,29.05,29.77,40.55,49.81,51.07,47.19,38.04,35.7,55.58,55.86,48.84,46.6,43.63,43.61,48.06,50.21,62.27,47.39,51.3,50.52,43.79,39.11,,,,,32.76,36.61,37.55,35.29,40.14,39.74,41.95,34.47,31.31,30.39,30.43
Jordan,,,,,,,,,,,,,,,,,32.38,33.13,33.45,34.73,40.39,43.64,40.62,35.8,39.08,39.66,28.3,33.07,43.45,56.05,59.84,57.39,50.23,50.34,47.85,51.72,52.87,49.31,44.85,43.37,41.89,42.19,47.48,47.44,52.27,52.79,53.87,54.23,56.51,45.88,47.79,45.58,43.87
Japan,10.72,9.28,9.43,9.04,9.49,10.52,10.58,9.65,10.11,10.56,10.59,11.48,10.38,9.84,13.33,12.54,13.29,12.84,10.9,11.34,13.42,14.4,14.2,13.63,14.72,14.09,11.1,10.15,9.76,10.24,10.29,9.87,9.77,9.06,9,9.05,9.7,10.73,10.78,10.17,10.88,10.45,11.25,11.87,13.21,14.31,16.17,17.75,17.71,12.7,15.17,15.15,14.66
Kazakhstan,,,,,,,,,,,,,,,,,,,,,,,,,,,,,,,,,74,37.9,37.06,38.97,35.27,34.92,30.34,42.46,56.6,45.9,46.99,48.42,52.5,53.54,51.15,49.44,57.25,42.04,43.96,49.47,47.6
Kenya,31.1,32.72,32.04,32.03,33.39,31.4,32.41,28.46,29.4,29.53,29.83,28.64,26.59,27.39,33.68,29.82,32.45,34.96,28.94,25.75,29.52,30.46,26.66,25.95,26.75,25.3,25.85,21.31,22.37,23.03,25.69,27.04,26.26,38.9,37.04,32.59,25.2,22.69,20.17,20.83,21.59,22.93,24.9,24.09,26.61,28.51,27.11,26.78,27.61,24.15,27.8,29.11,27.3
Kyrgyz Republic,,,,,,,,,,,,,,,,,,,,,,,,,,,,,,,29.2,35.33,35.59,33.53,33.76,29.47,30.74,38.29,36.48,42.2,41.85,36.72,39.58,38.68,42.56,38.73,41.72,52.91,53.55,54.7,51.55,54.54,49.46
Cambodia,13.9,12.89,13.85,17.25,14.96,11.51,7.81,8.9,8.58,6.95,5.76,,,,,,,,,,,,,,,,,,,,,,,16.06,25.79,31.18,25.36,33.62,31.24,40.54,49.85,52.6,55.42,56.52,63.61,64.08,68.59,65.33,65.54,49.22,54.08,54.08,
Kiribati,,,,,,,,,,,,,44.1,52.6,69.4,67.6,56.4,55.8,54.9,61.28,23.44,29.79,9.07,13.24,39.23,21.1,9.44,9.69,18.1,18.59,11.64,7.76,8.56,13.25,26.06,11.58,16.14,20.07,24.37,12.25,12.91,16.04,18.66,16.53,11.62,14.1,10.92,16.92,14.07,14.34,10.85,12.38,11.21
St. Kitts and Nevis,,,,,,,,,,,,,,,,,,63.82,63.35,59.7,66.9,60.38,49.81,48.91,55.05,55.37,61.44,63.9,59.33,55.29,51.75,58.94,61.66,58.32,54.65,51.15,49.68,53.18,53.77,46.99,36.04,33.57,32.1,35.82,38.98,42.25,37.44,33.46,31.09,24.61,29.5,32.62,32.68
"Korea, Rep.",3.16,5.28,4.89,4.63,5.67,8.3,10.02,11.02,12.27,12.93,13.63,14.97,19.39,28.68,26.73,26.89,30.01,30.37,28.42,26.59,32.06,34.27,33.23,32.97,33.37,31.97,35.64,38.27,36.42,30.8,27.95,26.33,26.59,26.53,26.64,28.83,27.86,32.39,46.16,39.06,38.56,35.74,33.13,35.37,40.88,39.27,39.68,41.92,53.01,49.73,52.28,56.03,56.5
Kosovo,,,,,,,,,,,,,,,,,,,,,,,,,,,,,,,,,,,,,,,,,,,,,,,14.15,15.81,15.45,17.18,20.26,19.78,18.38
Kuwait,,,64.62,65.39,64.86,67.69,65.69,59.52,61.72,63.5,59.82,66.35,68.6,71.93,84.96,80.47,77.93,72.03,70.54,77.97,78.35,69.5,54.5,59.13,60.11,53.67,46.19,52.54,47.56,52.4,44.94,16.9,40.47,47.77,50.85,52.35,52.28,52.85,43.86,45.94,56.47,51.3,44.62,52.09,56.92,63.98,65.54,63.41,66.76,59.47,64.17,70.23,70.56
Latin America & Caribbean (developing only),10.65,10.49,9.31,11.09,9.65,9.97,9.66,9.12,9.28,9.53,10.24,9.9,10.56,11.49,12.36,10.8,11.34,12.15,11.8,12.74,13.62,13.14,13.96,16.2,16.86,16.13,15.12,15.94,17.01,17.08,17.24,15.93,15.58,14.11,14.46,18.02,18.87,18.08,17.61,18.66,19.67,18.85,21.05,22.24,23.65,23.7,23.84,23.28,23.43,20.72,22.53,23.88,24.12
Lao PDR,,,,,,,,,,,,,,,,,,,,,,,,,2.76,4.04,3.61,6.09,13.63,12.13,11.33,12.95,17.03,21.46,24.99,23.22,22.7,23.89,36.46,35.88,30.1,28.49,29.38,29.69,30.55,34.16,40.4,34.5,32.02,30.88,35.54,37.18,36.24
Lebanon,,,,,,,,,,,,,,,,,,,,,,,,,,,,,,18.36,18,13.21,11.38,9.67,7.87,10.81,12.85,14.53,13.76,14.06,14.18,15.6,16.1,16.74,20.06,21.38,21.25,23.02,24.43,20.62,22.17,32.24,28.67
Liberia,45.83,34.58,36.59,38.71,61.94,62.9,67.99,78.73,84.31,89.23,74.31,73.72,74.65,85.25,83.62,69.9,78.28,68.2,69.71,68,71.78,69.46,62.39,59.15,55.51,54.86,55.17,,,,,,,,,,,8.79,10.79,14.55,26.14,28.56,35.71,91.51,26.46,23.82,30.81,32.37,34.39,15.26,19.15,27.5,32.36
Libya,,,,,,,,,,,,,,,,,,,,,,,,,,,,,,,39.68,33.83,30.59,28.24,27.04,29.18,28.65,26.79,19.37,23.86,35.63,31.86,46.21,62.39,63.26,66.43,71.3,67.56,67.38,,,,
St. Lucia,,,,,,,,,,,,,,,,,,,,63.12,66.96,51.77,57.78,63.61,52.64,61.4,74.06,74.55,87.38,80.19,72.56,69.92,67.74,67.66,65.69,67.55,62.35,59.34,58.43,55.16,49.3,46.28,44.15,49.93,54.09,57.77,43.24,40.37,45.63,46.34,52.03,44.43,47.53
Latin America & Caribbean (all income levels),12.09,11.78,10.66,12.33,11.01,11.33,11.02,10.52,10.65,10.96,11.46,10.91,11.45,12.58,13.94,12.57,13.05,14.15,13.79,14.82,15.64,14.95,15.81,18.02,18.67,18.17,17.24,17.99,19.06,19.42,19.6,18.32,17.8,16.2,16.64,20.03,20.62,19.85,19.42,20.58,21.61,20.99,22.98,24.36,25.88,25.95,26.35,25.78,25.93,25.7,24.73,26.2,24.66
Least developed countries: UN classification,,,,,,15.08,15.57,14.28,13.62,14.16,14.39,13.39,13.26,13.56,13.53,11.61,12.9,13.52,12.01,,13.28,12.4,11.32,12.04,11.86,14.1,14.12,13.52,13.45,13.51,14.11,13.08,15.79,15.32,20.31,17.17,22.45,21.58,20.5,22.28,24.97,24.09,23.54,24.32,25.88,28.9,29.8,29.91,30.6,25.55,27.74,29.56,27.16
Low income,14.95,14.91,14.94,15.76,16.34,14.86,15.4,13.58,13.1,12.97,13.37,12.38,11.76,12.22,12.4,11.07,12.57,13.71,12.91,13.46,13.82,12.78,11.32,11.45,11.79,12.03,11.98,11.58,11.9,11.93,12.58,12.5,12.52,14.74,16.64,18.21,16.83,17.21,16.99,17.21,18.39,18.88,18.66,19.7,21.26,22.64,23.87,24.59,24.98,22.2,23.96,26.47,24.76
Liechtenstein,,,,,,,,,,,,,,,,,,,,,,,,,,,,,,,,,,,,,,,,,,,,,,,,,,,,,
Sri Lanka,29.75,27.54,27.79,25.76,24.62,25.9,22.37,20.46,20.62,18.39,25.45,24.61,22.33,24.35,26.43,27.49,29.05,33.81,34.77,33.71,32.22,30.46,27.36,26.33,28.8,26.01,23.72,25.19,26.08,27.26,30.18,28.74,31.77,33.8,33.81,35.6,34.97,36.54,36.24,35.48,39.02,37.33,34.91,34.65,35.33,32.34,30.13,29.11,24.84,21.33,22.38,23.05,22.8
Lower middle income,10.49,9.4,8.69,9.75,10.11,8.92,10.62,9.59,9.77,9.24,10.31,10.29,11.28,12.89,15.96,14.15,14.65,14.96,13.94,16.4,17.16,15.82,14.24,14.36,14.57,13.44,12.42,13.91,14.22,17.12,17.61,18.82,19.17,19.33,19.59,21.32,21.19,22.28,24.95,23.4,26.82,25.75,25.43,25.93,27.73,28.66,29.37,28.23,29.58,25.01,26.52,28.37,27.36
Low & middle income,,,,,,,,,,,9.37,9.42,10.12,11.6,13.46,12.04,12.51,12.64,12.7,14.48,15.6,15.56,15.29,15.41,15.93,15.37,14.63,16.94,17.72,18.15,18.95,19.29,20.2,20.06,21.45,22.58,22.98,23.81,24.09,24.43,27.34,26.65,27.78,29.3,31.65,32.93,34.05,33.38,33.1,27.65,29.6,30.87,29.46
Lesotho,11.74,12.55,14.38,14.88,15.36,15.56,10.86,12.05,12.08,13.58,12.22,12.8,16.08,14.27,13.66,14.47,17.91,11.9,17.26,22.1,21.01,19.29,19.45,16.61,17.39,16.46,15.66,13.02,20.91,21.61,17.96,18.71,20.24,23.62,24.48,22.45,29.89,28.95,32.21,28.36,34.85,53.85,66.17,60.07,56.37,48.87,53.55,52.1,56.02,45.59,44.05,46.78,46.52
Lithuania,,,,,,,,,,,,,,,,,,,,,,,,,,,,,,,52.09,29.64,23.35,82.54,55.38,47.41,49.97,51.58,45.06,38.63,44.75,49.78,52.71,51.15,52.05,57.53,59.08,54.09,59.88,54.63,68.58,77.51,
Luxembourg,88.71,89.01,81.79,79.51,80.63,83,79.46,80.77,82.83,86.7,91.44,90.68,85.27,91.9,105.59,95.14,90.66,89.36,86.19,93.54,91.07,89.14,91.57,92.83,104,111.58,102.11,99.27,100.86,103.69,101.55,101.44,100.41,100.68,104.02,106.4,111.15,120.92,127.52,134.28,150.01,146.64,140.71,137.03,152.39,155.84,169.89,175.9,181.78,161.99,170.8,178.34,177.29
Latvia,,,,,,,,,,,,,,,,,,,,,,,,,,,,,,,47.71,35.25,79.94,73.24,46.46,42.67,46.82,46.85,47.18,40.37,41.64,41.58,40.87,42.07,43.96,47.85,44.88,42.35,42.82,43.89,53.81,58.84,
"Macao SAR, China",,,,,,,,,,,,,,,,,,,,,,,127.14,128.67,129.32,120.93,123.52,123.62,119.39,117.03,109.97,102.99,91.33,84.89,82.24,82.7,83.44,83.7,84.6,86.96,100.42,100.3,104.15,105.55,107.11,94.58,90.06,93.49,97.04,94.14,105.95,111.8,108.28
St. Martin (French part),,,,,,,,,,,,,,,,,,,,,,,,,,,,,,,,,,,,,,,,,,,,,,,,,,,,,
Morocco,23.57,21.75,18.02,17.92,19.49,18.16,18.96,17.9,18.48,18.38,17.64,16.95,18.57,20.84,27.56,22.47,17.92,16.9,16.37,17.01,17.39,20.17,19.25,21.27,23.82,25.35,22.01,23.61,25.93,23.6,26.45,24.11,25.08,26.07,24.89,27.42,26.28,28.46,24.41,26.32,27.98,29.41,30.15,28.66,29.37,32.31,34.2,35.75,37.48,28.7,33.24,35.58,36.18
Monaco,,,,,,,,,,,,,,,,,,,,,,,,,,,,,,,,,,,,,,,,,,,,,,,,,,,,,
Moldova,,,,,,,,,,,,,,,,,,,,,,,,,,,,,,,48.22,32.43,38.94,21.12,38.24,49.35,55.27,54.79,48.53,52.09,49.78,49.85,52.74,53.48,50.71,51.14,45.26,47.45,40.82,36.87,39.23,44.97,43.62
Madagascar,10.03,14.6,13.76,12.78,13.3,13.21,17.29,17.51,17.75,18.11,19.16,14.44,14.26,14.25,15.53,15.86,15.16,16.44,17.15,14.58,13.34,11.51,11.22,10.57,13.28,12.24,12.15,16.56,16.3,18.45,16.6,18.11,16.38,15.32,22.03,24.13,20.49,21.87,21.52,24.47,30.68,29.08,16.01,23.09,32.64,28.22,29.73,30.32,26.59,28.48,23.76,26.06,
Maldives,,,,,,,,,,,,,,,,,,,,,153.54,166.36,159.8,132.63,77.17,71.64,68.08,78.72,75.86,79.19,85.45,76.93,78.03,67.13,77.74,92.66,91.71,91.22,92.43,90.51,89.47,57.86,59.79,61.47,64.03,48.82,59.63,116.99,104.13,86.28,94.06,109.18,105.85
Middle East & North Africa (all income levels),,,,,,,,,33.04,33.64,34.83,36.9,39.41,53.56,48.4,49.09,44.67,42.83,39.11,43.17,44.28,43.54,37.78,33.1,31.76,29.85,24.71,27.85,27.48,29.3,32.61,29.59,31.09,32.12,32.91,32.71,33.6,32.97,27.69,31.97,38.65,37.56,38.75,42.15,45.82,49.85,50.77,50.84,56.25,47.08,48.98,54.28,54.41
Mexico,8.49,8.42,8.56,8.33,7.64,7.64,7.47,6.87,7.04,7.54,7.75,7.64,8.06,8.41,8.41,6.89,8.49,10.32,10.47,11.19,10.71,10.41,15.33,19,17.38,15.41,17.34,19.5,19.93,19,18.6,16.36,15.24,11.99,13.17,24.92,26.44,24.94,25.45,25.17,25.95,23.36,23.18,24.59,26.08,26.45,27.57,27.74,27.9,27.28,29.98,31.51,32.87
Marshall Islands,,,,,,,,,,,,,,,,,,,,,,,,,,,,,,,,,,,,,,,,,,,,,,,,,,,,,
Middle income,,,,,,,,,,,9.28,9.35,10.09,11.59,13.49,12.07,12.51,12.62,12.7,14.5,15.64,15.63,15.39,15.51,16.03,15.46,14.69,17.07,17.86,18.3,19.11,19.46,20.4,20.2,21.58,22.7,23.14,23.98,24.28,24.63,27.58,26.86,28.03,29.56,31.93,33.2,34.32,33.61,33.31,27.79,29.75,30.98,29.57
"Macedonia, FYR",,,,,,,,,,,,,,,,,,,,,,,,,,,,,,,25.82,22.91,54.35,46.75,38.19,33.01,28.18,37.31,41.21,42.17,48.63,42.69,38.03,38.06,39.94,44.13,46.62,52.36,50.9,39.18,46.57,54.55,53.17
Mali,,,,,,,,11.36,10.22,11.2,12.47,13.42,10.03,10.19,12.72,9.66,11.01,12.76,11.6,11.99,14.7,13.43,14.33,16.14,17.8,16.76,15.31,16.56,16.37,16.66,17.15,18.24,15.43,15.84,23.01,21.11,20.03,26.12,24.79,26.45,26.78,33.3,31.88,26.42,25.38,25.62,30.77,26.18,29.2,23.74,25.99,26.25,31.12
Malta,,,,,,,,,,,44.18,45.51,46.53,57.9,74.64,73.69,75.41,76.92,73.55,79.39,80.93,72.54,61.6,59.81,62.42,64.5,64.33,69.58,70.41,72.13,75.83,77.37,81.76,84.81,85.96,83.08,77.42,76.28,78.88,82.88,90.56,80.45,83.12,78.83,78.41,76.81,86.49,89.22,87.78,78.78,88.18,95.14,
Myanmar,19.69,16.49,20.54,17.94,17.22,14.49,13.78,9.54,5.52,5.57,5.21,5.6,6.16,5.79,6.02,5.4,5.3,6.33,5.48,8.22,9.1,8.86,7.02,6.77,5.85,4.58,4.1,2.41,3.12,2.93,1.94,1.57,1.44,1.17,1.14,0.83,0.69,0.58,0.42,0.32,0.49,0.46,0.35,0.18,0.18,,,,,,,,
Middle East & North Africa (developing only),,,,,,18.17,19.04,18.3,18.2,18.82,18.67,19.77,20.41,26.13,36.73,32.31,30.61,27.66,23.53,28.01,24.04,24.4,23.73,21.99,20.02,18.37,12.77,15.36,16.9,19.05,23.26,24.27,23.29,26.41,26.99,25.64,25.88,24.58,20.29,23.89,30.1,28.54,31.66,33.69,35.38,38.7,39.28,38.89,,,,,
Montenegro,,,,,,,,,,,,,,,,,,,,,,,,,,,,,,,,,,,,,,,,,36.81,38.42,35.36,30.61,42.02,46.8,48.45,43.71,38.83,32.08,34.71,40.18,42.41
Mongolia,,,,,,,,,,,,,,,,,,,,,,23.87,26.26,26.61,29.18,26.73,30.18,30.8,28.45,22.49,18.27,54.07,28.93,59.33,44.63,40.54,35.52,52.67,47.84,50.16,54,50.32,50.73,52.35,60.79,58.77,59.44,59.61,54.02,50.28,54.7,62.34,50.94
Northern Mariana Islands,,,,,,,,,,,,,,,,,,,,,,,,,,,,,,,,,,,,,,,,,,,,,,,,,,,,,
Mozambique,,,,,,,,,,,,,,,,,,,,,10.86,9.95,8.31,6.12,4.15,2.86,2.52,6.64,8.07,8.22,8.17,10.16,13.05,12.93,14.07,15.6,14.79,13.35,12.25,13.17,16.48,23.39,27.34,28.89,30.88,31.73,38.36,35.35,32.27,27.68,31.21,30.74,29.79
Mauritania,15.26,14.34,14.53,25.2,43.54,42.19,43,41.61,38,38.84,40.81,40.22,48.22,46.83,48.3,38.44,37.94,32.78,33.37,33.19,36.82,45.07,40.06,45.74,45.59,59.91,56.15,49.09,50.27,49.83,45.64,34.74,31.49,34.66,48.54,58.03,55.78,44.83,30.86,27.24,29.96,29.4,28.34,21.45,25.65,30.72,47.81,43.18,55.77,45,56.29,64.69,58.02
Mauritius,,,,,,,,,,,,,,,,,50.55,48.6,43.04,42.49,50.95,44.54,46.96,46.45,48.47,53.3,60.25,64.3,64.45,63.93,64.96,62.31,59.3,58.24,56.72,58.66,63.59,61.46,65.68,63.94,61.39,68.46,61.82,56.68,54.02,59.85,59.56,57.86,52.93,48.96,52.49,53.43,54.78
Malawi,22.08,20.61,21.41,21.86,19.48,19.46,21.51,24.05,23.84,23.48,24.25,23.45,23.29,27.64,28.02,29.13,30.44,30,23.19,23.19,24.84,25.67,22.5,20.75,28.37,24.19,22.91,25.45,23.32,18.78,23.78,23.27,23.21,16.13,29.63,30.37,22.83,21.36,32.77,28.02,25.6,27.99,20.8,26.7,24.96,24.05,22.62,28.33,28.19,24.65,29.38,29.59,
Malaysia,50.6,46.1,44.17,42.56,40.84,41.83,40.21,37.34,39.44,42.9,41.41,38.22,34.02,39.18,45.63,43.02,48.95,47.36,48.32,55.18,56.69,51.56,50.13,50.42,53.46,54.09,55.46,62.89,66.42,71.38,74.47,77.83,75.98,78.92,89.15,94.09,91.58,93.29,115.74,121.31,119.81,110.4,108.31,106.94,115.37,112.9,112.19,106.17,99.5,91.42,93.32,91.61,87.14
North America,6.07,6.06,5.96,6.06,6.36,6.21,6.3,6.39,6.5,6.53,6.81,6.6,6.73,7.91,9.41,9.28,9.03,8.8,9.21,10.1,11.18,10.81,9.76,8.95,9.07,8.57,8.56,8.92,9.83,10.17,10.47,10.8,10.99,11.07,11.67,12.61,12.79,13.21,12.81,12.7,13.25,12.22,11.58,11.24,11.79,12.09,12.58,13.26,14.21,12.32,13.61,14.84,14.78
Namibia,,,,,,,,,,,,,,,,,,,,,78.92,65.3,61.75,53.89,54.67,61.49,67.22,55.47,54.45,58.51,51.92,53.12,52.19,51.9,48.49,49.49,50.58,47.53,45.97,46.16,40.88,41.17,46,43.39,39.81,40.45,39.85,50.73,53.16,47.3,47.49,41,42.59
New Caledonia,,,,,,,,,,,,,,,,,,,,,,,,,,,,,,,18.49,16.91,13.71,13.11,13.6,15.56,15.35,16.49,11.99,13.08,,,,,,,,,,,,,
Niger,7.1,8.12,9.28,9.31,9.27,9.48,12.45,8.43,7.98,9.36,10.77,12.37,14.21,15.51,12.27,19.25,22.26,19.64,22.53,28.54,24.58,24.16,20.97,20.82,22.91,20.69,20,20.8,18.3,16.6,14.81,14.05,16.76,15.64,16.53,17.68,18.54,16.82,17.78,15.9,17.8,16.92,15.91,15.2,17.36,16.6,16.41,17.43,17.73,20.32,22.2,20.89,24.78
Nigeria,9.24,9.19,8.27,8.78,9.2,10.89,10.41,11.08,9.93,11.39,8.41,10.83,10.97,15.92,25.18,18.34,18.22,24.87,19.55,24.82,29.38,22.19,17.83,14.54,15.71,17.39,13.32,26.94,22.85,43.98,35.34,41.7,37.51,33.83,24.31,35.76,32.24,41.77,29.69,33.87,51.73,45.45,35.97,39.79,30.16,31.66,43.11,33.73,39.88,30.77,24.47,31.19,31.67
Nicaragua,23.65,23.4,26.43,28.82,28.87,29.3,27.12,26.46,26.68,24.39,26.73,26.3,35.29,28.21,29.07,28.04,32.99,32.09,34.41,42.02,24.23,22.34,15.98,19.4,16.44,14.77,12.78,11.77,17.98,32.54,24.95,21.82,17.25,20.43,13.14,16.1,16.85,19.42,19.33,18.53,20.11,19.04,18.85,20.7,23.06,24.38,27.04,29.08,32.26,31.62,37.59,41.9,44.04
Netherlands,48.89,46.61,45.94,46.03,44.61,42.81,41.65,40.47,40.94,42.46,44.76,45.03,44.99,46.84,53.35,49.08,50.08,47.2,45.21,49.65,52.31,56.95,56.96,56.64,60.59,62.15,52.69,51.3,53.68,57.09,56.45,57.17,55.38,54.58,56.79,59.37,59.63,63.32,62.56,63.04,70.08,67.28,64.15,63,66.39,69.62,72.84,74.2,76.28,68.57,78.69,83.87,88.03
High income: nonOECD,,,,,,,,,,,,,,,,,,,,,,,,,,,,,,55.47,54.13,50.88,66.4,58.44,54.49,57.84,56.39,54.99,54.36,60.14,66.31,61.25,61.79,66.91,71.64,74.87,76.83,75.78,78.79,72.33,75.65,80.24,79.93
Norway,36.26,34.95,33.77,34.47,36.02,35.72,35.81,36.79,37.86,37.15,36.72,35.03,35.23,37.73,40.26,36.45,36.34,34.65,36.38,39.69,43.24,43.28,41.48,41.84,42.92,42.74,34.24,32.37,33.06,38.01,40.15,39.94,37.87,37.92,38.12,37.96,40.78,41.36,37.65,39.39,46.54,45.76,41.13,40.33,41.8,44.09,45.37,44.12,46.76,40.04,40.48,41.94,40.9
Nepal,,,,,,7.77,5.64,6.87,6.85,7.01,4.9,5.4,5.66,6.61,5.45,8.9,10.77,11.79,10.57,11.78,11.54,12.9,11.59,10.23,10.65,11.53,11.66,11.81,11.45,11.07,10.53,11.49,15.96,18.43,18.99,24.97,22.82,26.33,22.82,22.85,23.28,22.55,17.74,15.7,16.68,14.58,13.45,12.86,12.78,12.42,9.58,8.85,10.02
New Zealand,,,,,,,,,,,22.19,22.6,24.58,24.12,20.73,23.26,26.85,26.37,26.86,28.88,29.06,28.2,28,28.54,31.72,29.06,26.29,25.7,25.84,25.97,26.42,28.78,30.78,30.16,30.22,28.61,27.67,27.65,28.93,30.13,34.97,34.54,32.03,28.67,28.58,27.35,28.65,28.36,31.39,28.34,29.8,30.27,28.63
High income: OECD,11.76,11.43,11.33,11.26,11.57,11.77,11.95,11.78,12.32,12.74,13.5,13.56,13.54,14.63,16.93,16.14,16.68,16.79,16.53,17.26,18.25,18.75,18.22,17.95,18.9,18.75,17.13,17,17.29,17.85,18.03,17.99,17.97,18.07,18.84,19.87,20.2,21.36,21.59,21.39,23.15,22.64,22.04,21.69,22.74,23.58,25.01,25.79,26.77,23.46,25.8,27.44,27.58
OECD members,11.58,11.31,11.22,11.13,11.43,11.62,11.79,11.61,12.12,12.53,13.3,13.37,13.38,14.46,16.67,15.85,16.41,16.55,16.31,17.02,17.98,18.49,18.13,17.97,18.89,18.7,17.15,17.1,17.42,17.91,18.02,17.95,17.9,17.9,18.77,20.06,20.43,21.57,21.79,21.57,23.32,22.85,22.22,21.88,22.94,23.75,25.19,25.94,26.91,23.7,26.01,27.68,27.69
Oman,,,,,,,,33.76,70.14,74.6,73.69,65.79,59.38,67.83,73.72,67.55,62.33,58.3,58.32,61.06,62.66,64.69,58.55,53.65,50.28,49.83,39.25,48.88,40.01,,47.23,43.07,44.72,43.05,43,44.04,49.81,50.04,41.97,48.69,59.18,57.27,49.33,49.97,51.57,58.61,56.79,56.73,58.61,50.79,56.96,62.02,
Other small states,,,,,,,,,,,,,,,,,47.55,47.42,,,58.09,54,53.88,53.28,51.3,53.22,51.97,54.76,52.94,52.83,49.27,49.51,43.99,43.9,49.82,50.65,54.93,57.35,53.33,52.52,54.74,54.58,55.06,53.43,52.78,54.63,54.21,56.53,55.81,47.25,47.77,51.01,51.61
Pakistan,,,,,,,,9.17,9.16,8.66,7.77,7.14,11.77,13.53,13.68,10.85,10.72,9.28,9.24,10.69,12.49,12.32,9.95,11.92,11.07,10.42,11.9,13.23,13.59,13.88,15.54,17,17.36,16.31,16.28,16.71,16.9,16.08,16.48,15.35,13.44,14.66,15.22,16.72,15.67,15.69,14.13,13.21,12.38,12.4,13.52,13.96,12.33
Panama,,,,,,,,,,,,,,,,,,,,,98.19,94.05,85.77,71.17,67.2,68.61,71.13,71.51,75.2,78.9,86.78,96.8,100.01,97.04,99.79,100.7,83.43,90.11,79.18,66.54,72.58,72.72,67.46,63.6,67.61,75.49,76.71,81.2,85.19,81.04,76.48,84.24,83.54
Peru,20.76,21.38,20.51,18.95,19.02,16.1,15.99,15.84,18.6,17.94,17.89,14.22,14.12,13.69,14.5,10.85,12.05,15.9,20.73,27.74,22.4,16.09,16.53,19.71,19.35,22.97,13.94,10.97,18.84,12.39,15.76,12.65,12.76,12.19,12.25,12.59,13.3,14.36,13.14,15.03,16,15.65,16.07,17.72,21.45,25.09,28.53,29.08,27.19,23.92,25.67,28.63,25.64
Philippines,11.95,12.59,16.95,18.62,18.18,19.38,20.45,19.96,16.9,14.73,21.58,20.45,19.68,24.77,25.02,21.02,19.33,21.06,20.67,21.56,23.57,23.83,20.33,21.34,24.02,24.02,26.33,26.64,28.39,28.11,27.52,29.6,29.13,31.36,33.83,36.36,40.51,48.96,44.76,45.49,51.37,46.03,46.75,47.16,48.57,46.14,46.58,43.26,36.91,32.23,34.8,31.97,30.8
Palau,,,,,,,,,,,,,,,,,,,,,,,,,,,,,,,,20.39,32.63,23.32,15.08,14.56,12.85,10.43,9.46,11.96,7.26,45.52,46.58,49.23,54.79,54.41,51.39,52.55,60.94,55.53,56.53,65.3,70.41
Papua New Guinea,,16.1,16.21,17.41,18.31,18.03,16.79,17.37,18.86,18.92,18.48,21.37,31.21,44.88,46.88,39.98,41.77,44.97,41.94,45.48,43.18,38.24,36.83,36.2,39.44,42.11,43.58,43.17,43.25,40.65,40.62,42.26,47.85,52.64,53.53,61.04,59.4,49.16,54.04,63.12,66.18,65.33,60.92,69.42,72.16,,,,,,,,
Poland,,,,,,,,,,,,,,,,,,,,,,,,,,,,,,,26.2,21.51,21.67,20.97,21.62,23.2,22.31,23.41,25.98,24.19,27.12,27.06,28.63,33.31,37.49,37.09,40.36,40.76,39.9,39.44,42.24,45.07,46.16
Puerto Rico,52.31,45.35,45.5,46.11,45.31,43.68,46.36,47.97,47.18,46.62,44.31,41.31,40.15,45.12,52.96,48.1,46.81,60.79,60.32,64.54,65.13,68.36,70.42,66.05,67.4,67.54,66.6,66.34,67.09,71.71,75.69,78.04,73.34,67.69,67.85,68.68,64.13,63.58,67.12,69.68,72.15,77.59,75.53,81.47,81.48,79.05,80.23,79.51,82.73,77.82,76.7,79.02,
"Korea, Dem. Rep.",,,,,,,,,,,,,,,,,,,,,,,,,,,,,,,,,,,,,,,,,,,,,,,,,,,,,
Portugal,14.3,13.47,15.26,15.94,21.39,22.43,22.68,22.8,20.96,20.46,19.39,19.94,21.66,21.25,21.36,16.22,13.86,14.65,16,21.51,21.77,20.63,20.99,24.92,29.61,29.68,26.38,27.75,28.05,29.9,29.6,26.94,24.82,23.95,25.51,27.17,27.21,27.76,27.93,27.08,28.93,28.08,27.6,27.62,28.05,27.66,30.91,32.19,32.45,28.03,31.3,35.68,38.69
Paraguay,,,,,,,,,,,,,,,,,,,,,,,,,,,,,,,,50.84,49.83,59.92,60.82,61.54,53.06,48.28,55.71,44.65,46.1,44.25,52.92,54.34,53.76,57.32,58.3,56.3,54.25,51.16,54.63,48.85,46.61
Pacific island small states,,,,,,,,,,,,,,,,,,,,,44.06,40.38,40.19,38.98,42.54,41.85,38.31,41,47.02,52.99,54,48.52,45.63,46.06,46.59,48.69,51.18,50.94,49.98,49.1,50.48,48.2,49.63,49.2,46.04,45.86,43.35,42.97,47.67,43.54,47.49,49.35,51.54
French Polynesia,,,,,,,,,,,,,,,,,,,,,,,,,,,,,,,,1.32,1.42,2.45,3.67,2.93,4.2,4.35,4.09,5.02,4.9,,,,,,,,,,,,
Qatar,,,,,,,,,,,,,,,,,,,,,,,,,,,,,,,,,,,44.88,44.34,43.73,48.28,51.1,60.04,67.28,65.89,60.34,61.7,64.17,65.09,62.82,60.28,61.36,51.44,58.95,70.13,74.66
Romania,,,,,,,,,,,,,,,,,,,,,,,,,,,,,,,16.73,17.6,27.79,23.02,24.9,27.62,28.14,29.18,22.62,28.02,32.83,33.06,35.37,34.78,35.84,33.08,32.28,29.3,30.43,30.6,35.42,40.03,40
Russian Federation,,,,,,,,,,,,,,,,,,,,,,,,,,,,,,21.9,18.16,13.27,62.32,38.2,27.76,29.29,26.07,24.73,31.22,43.22,44.06,36.89,35.25,35.25,34.42,35.2,33.73,30.16,31.31,27.94,29.22,30.36,29.44
Rwanda,12.44,11.48,9.28,5.94,12,12.1,11.28,10.51,8.74,7.68,11.51,10.21,8.28,11.6,12.17,9.17,14.58,14.27,14.78,21.05,14.44,9.83,11.55,11.58,12.63,10.78,12.58,7.45,6.62,6.14,5.61,7.32,5.57,5.18,6.3,5.15,6.03,7.8,5.59,6.22,6.32,8.48,7.04,8.45,11.12,11.42,11.06,11.16,14.46,10.14,10.05,13.47,13.17
South Asia,5.44,5.3,5.19,5.21,4.69,4.37,5.02,5.28,5.23,4.87,4.98,4.69,5.4,5.83,6.2,6.52,7.48,7.34,7.2,7.7,7.48,7.27,6.96,7.04,7.14,6.35,6.4,6.9,7.32,8.16,8.46,9.75,10.22,11.03,11.08,12.1,11.74,12.02,12.37,12.55,13.69,13.49,14.82,15.56,17.76,19.07,20.43,19.85,22.19,19.21,20.76,22.59,22.52
Saudi Arabia,,,,,,,,,47.73,48.19,54.48,57.06,64.48,103.19,63.53,73.72,59.89,57.54,49.43,54.92,63.55,62.94,50.84,38.56,34.62,30.07,26.7,30.86,31.32,33.75,40.63,38.57,39.33,34.57,34.22,37.57,40.26,39.39,29.84,34.83,43.65,39.88,41.18,46.12,50.99,57.05,59.83,59.94,62.11,47.09,49.7,56.19,56.17
Sudan,14.56,13.31,14.62,16.71,15.54,14.22,14.32,15.11,15.12,15.69,16.34,15.64,16.02,14.85,12.71,12.09,11.22,9.37,7.92,9.96,10.58,9.62,9.94,10.6,8.46,5.75,4.74,5.52,3.8,5.34,4.02,3.34,5.25,4.23,4.69,4.97,7.45,5.34,6.7,7.78,15.98,11.4,13.98,14.83,17.76,19.21,19.43,22.1,24.29,16.06,19.98,18.49,6.25
Senegal,16.79,21.17,20.3,17.62,17.47,17.53,18.57,17.09,19.74,21.44,23.48,22.36,26.46,24.59,36.9,31.44,31.33,37.37,26.1,27.49,23.9,31.72,29.18,35.18,33.98,27.83,24.56,21.25,22.29,24.46,25.41,23.09,22.35,20.26,31.75,30.87,26.98,27.31,27.7,28.06,27.93,28.73,28.55,26.62,27.14,27.02,25.63,25.45,26.13,24.33,24.87,25.17,24.29
Singapore,162.89,142.48,138.18,141.21,122.14,123.29,123.34,114.35,125.72,132.19,126.1,119.53,106.8,118.42,149.61,137.19,149.62,163,165.77,185.05,202.61,198.79,186.13,167.57,157.4,153.12,149.11,164.59,185.22,179.47,177.45,169.59,162.1,162,167.22,183.01,178.49,171.57,169.03,180.16,192.34,187.83,188.76,207.42,219.27,229.68,233.35,217.17,232.87,196.03,203.58,207.19,200.66
Solomon Islands,,,,,,,,,,,,,,,,,,,,,,36.87,36.17,38.5,38.11,33.2,36.68,33.41,32.01,28.98,30.05,33.54,33.9,38.64,36.75,36.22,34.42,38.67,36.19,35.69,24.09,16.51,20.07,26.41,30.93,34.07,36.14,36.67,37.3,36.64,31.11,24.98,26.08
Sierra Leone,,,,,29.08,28.87,27.78,27.08,23.68,27.63,31.02,31.27,27.77,24.64,24.1,25.11,21.54,19.72,19.82,19.9,22.86,23.02,15.76,11.07,10.62,14.82,11.92,31.96,28.72,23.92,34.69,31.25,31.59,24.28,29.51,18.59,17.45,13.2,14.06,13.83,18.13,7.92,8.65,14.07,16.67,17.82,16.84,15.61,13.53,13.5,16.81,16.29,
El Salvador,,,,,,26.39,24.66,25.64,25.35,23.19,24.83,24.63,29.1,29.96,32.42,33.05,35.54,38.17,30.27,36.97,34.16,26.68,22.78,24.49,21.75,22.32,24.67,18.99,15.81,13.24,18.56,17.21,16.09,19.36,19.97,21.64,21.08,25.89,24.79,24.94,27.4,25.83,26.37,27.07,26.96,25.64,25.68,25.88,26.88,23.2,25.92,27.98,28.35
San Marino,,,,,,,,,,,,,,,,,,,,,,,,,,,,,,,,,,,,,,,,,,,,,,,,,,,,,
Somalia,12.72,16,12.79,15.87,15.98,17.15,14.96,13.65,14.89,15.99,11.51,13.26,15.74,13.91,17.46,12.46,10.03,20.26,25.84,24.31,33.18,24.82,25.97,23.63,14.59,6.33,6.96,6.69,4.82,7.68,9.79,,,,,,,,,,,,,,,,,,,,,,
Serbia,,,,,,,,,,,,,,,,,,,,,,,,,,,,,,,,,,,,,,16.74,23.56,17.5,23.86,21.3,19.62,22.3,23.5,26.18,29.87,30.51,31.08,29.32,36.16,38.18,
Sub-Saharan Africa (developing only),24.31,24.22,23.94,24.33,24.12,23.19,22.91,22.25,22.65,21.99,20.86,21,22.76,23.62,27.65,24.9,25.7,28.01,27.5,29.86,31.7,26.19,24.52,23.45,24.67,27.79,26.17,27.69,26.14,28.73,26.15,25.48,25.96,25.65,26.78,27.09,29.1,29.74,27.55,29.23,34.13,33.5,33.14,31.71,30.4,32.01,34.73,34.14,36.95,29.03,29.69,32.62,30.91
South Sudan,,,,,,,,,,,,,,,,,,,,,,,,,,,,,,,,,,,,,,,,,,,,,,,,,67.26,62.24,63.66,64.99,10.25
Sub-Saharan Africa (all income levels),24.31,24.22,24.23,24.59,24.38,23.31,23.04,22.37,22.7,22.08,20.96,21.16,22.83,23.71,27.74,25.01,25.83,28.12,27.5,29.86,31.7,26.19,24.52,23.45,24.67,27.8,26.23,27.74,26.22,28.77,26.18,25.61,25.82,25.52,26.94,27.25,29.37,30.13,27.96,29.23,34.49,33.87,33.51,32.07,30.72,32.31,35.01,34.4,37.27,29.33,30,32.92,31.22
Small states,,,,,,,,,,,,,,,,,46.4,49.34,51.08,51.85,57.28,52.92,49.53,48.27,50.19,51.09,49.56,50.5,49.42,50.61,49.81,48.91,47.8,46.29,49.42,51.18,52.04,52.58,50.82,50.68,53.29,51.74,49.12,49.14,49.78,52.02,54.6,53.26,54.36,119.31,46.65,52.91,46.59
Sao Tome and Principe,,,,,,,,,,,,,,,,,,,,,,,,,,,,,,,,,,,,,,,,,21.21,14.49,16.45,17.71,14.06,13.87,13.73,9.28,9.54,9.98,12.56,11.82,11.22
Suriname,54.77,50.25,48.02,49.41,46.92,49.66,59.06,59.01,57.68,62,60.27,63.57,60.94,60.1,74.88,63.23,61.13,55.15,55.34,58.56,68.81,58.71,51.85,43.88,43.36,36.74,32.6,31.07,29.31,37.7,42.05,35,28.66,20.41,22.94,22.85,23.35,25.19,31.11,27.23,19.73,23.57,18.79,19.74,26.11,30.42,,,,,,,
Slovak Republic,,,,,,,,,,,,,,,,,,,,,,,,,,,,32.34,32.15,28.84,26.55,46.32,70.33,56.18,59.26,57.76,53.32,56.33,59.16,61.16,70.45,72.71,71.12,75.85,74.54,76.25,84.49,86.86,83.47,70.88,81.25,89.16,
Slovenia,,,,,,,,,,,,,,,,,,,,,,,,,,,,,,,90.76,83.53,63.14,58.75,58.89,49.59,49.91,51.3,51.07,47.23,53.7,55.18,55.08,53.8,57.81,62.18,66.54,69.56,67.14,58.39,65.42,71.27,
Sweden,23.01,22.34,21.9,21.94,22.32,21.86,21.42,21.11,21.56,22.84,23.64,23.87,23.74,26.89,31.6,27.62,27.12,26.87,27.69,29.83,29.24,29.97,32.42,35.59,36.27,35.16,32.81,32.4,32.1,31.85,30.07,28.1,27.95,32.75,36.07,39.7,38.56,42.07,43.05,43.1,46.52,46.3,44.37,43.52,45.96,48.43,51.11,51.87,53.53,47.96,49.48,49.86,48.52
Swaziland,48.29,41.97,47.86,59.23,53.86,65.94,73.22,73.6,75.61,64.94,69.91,67.83,67.02,70.39,81.51,72.94,75.7,65.39,62.93,62.9,74.6,75.18,66.39,62.13,55.5,56.67,68.77,81.85,76.87,84.11,59.02,59.26,57.35,57.29,63.68,60.02,59.35,61.35,67.17,65,74.33,85.44,95.71,100.95,84.93,87.07,76.62,75.67,59.36,58.84,55.89,66.57,
Sint Maarten (Dutch part),,,,,,,,,,,,,,,,,,,,,,,,,,,,,,,,,,,,,,,,,,,,,,,,,,,,,
Seychelles,,,,,,,,,,,,,,,,,17.6,17.19,17.73,17.2,14.35,11.08,10.33,13.82,16.99,16.57,8.85,8.89,11.21,11.24,15.33,13.04,11.06,10.9,10.48,10.47,27.94,20.12,20.11,23.29,31.55,34.87,32.65,39.07,34.66,36.96,37.44,35.19,44.49,46.3,40.6,44.97,
Syrian Arab Republic,21.36,17.6,20.93,19.43,16.71,17.04,17.66,15.75,17.36,17.11,17.89,17.73,18.54,22.54,24.61,21.88,19.96,18.57,15.17,19.56,18.63,15.99,14.22,13.55,12.7,12.58,11.51,16.01,17.15,24.75,28.34,24.41,26.26,27.87,33.06,31.04,31.83,32.42,30.53,32.32,35.39,35.38,38.07,33.47,40.05,40.39,39.5,38.64,,,,,
Turks and Caicos Islands,,,,,,,,,,,,,,,,,,,,,,,,,,,,,,,,,,,,,,,,,,,,,,,,,,,,,
Chad,13.39,13.91,14.03,12.95,13.73,13.5,13.91,14.36,14.94,13.21,16.26,15.91,14.57,15.73,18.39,14.4,16.08,15.35,16.42,17.78,16.94,15.1,6.56,16.42,18.02,11.91,13.39,15.45,15.02,13.78,13.48,11.95,11.09,13.32,16.11,21.93,17.54,18.54,18.49,18.32,16.89,14.67,12.69,24.63,51.01,49.05,47.58,44.5,42.7,35.14,36.85,40.39,29.48
Togo,31.13,39.24,35.05,25.42,35.07,31.98,38.89,37.92,42.01,45.89,49.64,46.82,39.28,33.12,66.01,43.41,47.3,41.47,63.98,50,51.06,46.23,50.15,45.48,51.24,48.41,43.98,41.37,43.66,39.67,33.47,33.44,26.93,24.38,30.55,32.44,33.28,28.98,29.69,28.87,34.38,33.8,36.52,43.37,38.56,40.04,38.2,37.92,35.54,36.74,40.16,40.19,
Thailand,15.68,16.94,15.25,14.81,16.88,16.45,17.14,17.71,16.5,15.69,14.99,15.97,18.17,18.6,21.6,18.36,20.23,19.95,19.89,22.58,24.11,23.85,22.92,20.11,21.9,23.21,25.6,28.89,33.01,34.92,34.13,35.96,36.97,37.96,38.87,41.84,39.25,48.01,58.88,58.3,66.78,65.86,64.19,65.68,70.7,73.57,73.65,73.42,76.44,68.35,71.29,76.94,74.98
Tajikistan,,,,,,,,,,,,,,,,,,,,,,,,,,,,,35.2,35.9,27.8,33.2,9.68,28.55,43.04,65.59,76.59,87.24,48.92,66.07,98.76,67.99,65.46,63.37,58.31,26,23.19,20.62,16.75,15.13,15.34,17.85,18.23
Turkmenistan,,,,,,,,,,,,,,,,,,,,,,,,,,,,,,,,38.71,67.14,84.7,84.96,83.97,74.58,42.69,32.66,56.14,95.5,81.39,69.05,62.31,61.65,65.03,73.09,75.39,64.06,74.6,77.81,74.7,73.26
Timor-Leste,,,,,,,,,,,,,,,,,,,,,,,,,,,,,,,,,,,,,,,,,10.43,9.54,9.05,8.32,8.56,8.41,9.66,10.74,10.07,9.13,9.78,9.84,
Tonga,,,,,,,,,,,,,,,,41.33,26.94,33.87,28.79,26.08,30.06,25.38,27.59,18.66,26.61,30.13,25.71,30.93,22.74,25.1,33.87,22.9,23.64,19.89,17.38,17.49,20.35,23.73,19.72,15.96,15.4,13.36,18.22,19.31,19.45,17.64,14.37,12.12,13.71,14.03,13.18,17.52,17.81
Trinidad and Tobago,60.08,69.58,65.86,64.17,66.74,64.55,41.65,41.6,42.74,43.44,42.77,42.75,39.6,44.15,56.71,52.99,55.84,49.55,44.05,45.07,50.45,45.88,34.91,30.75,32.13,32.55,33.26,33.9,38.92,42.64,45.36,40.52,41.97,43.96,46.07,53.77,51.53,53.85,48.47,50,59.22,55.32,50.27,52.13,56.04,65.82,81.41,65.16,71.42,523.46,58.87,88.13,
Tunisia,,20.12,19.02,17.79,18.55,19.05,21.04,21.21,20.93,22.14,22,24.1,25.35,26.06,35.37,31.04,29.08,29.58,30.96,38.98,40.24,41.37,36.91,34.36,32.96,32.1,30.18,34.83,42.02,44.35,43.56,40.37,39.54,40.45,44.93,44.9,42.11,39.11,38.52,37.98,39.55,42.82,40.78,39.48,42.22,44.93,46.03,51.18,56.32,45.67,50.11,48.85,47.96
Turkey,2.09,5.07,5.57,4.15,4.45,4.54,4.08,4.11,3.68,3.58,4.44,5.34,6,7.03,5.74,4.43,4.86,3.82,4.15,3.22,5.16,8.24,11.86,12.47,15.61,15.86,13.31,15.58,18.65,16.2,13.37,13.84,14.39,13.67,21.36,19.89,21.54,24.58,21.34,19.44,20.1,27.44,25.22,22.99,23.55,21.86,22.67,22.32,23.91,23.32,21.21,23.98,26.44
Tuvalu,,,,,,,,,,,,,,,,,,,,,,,,,,,,,,,,,,,,,,,,,,,,,,,,,,,,,
Tanzania,,,,,,,,,,,,,,,,,,,,,,,,,,,,,,,12.62,10.26,12.44,17.98,20.61,24.07,19.94,16.22,12.4,12.53,13.36,17.01,17.58,18.56,19.65,20.82,22.56,24.24,25.14,23.23,27.83,31.06,29.56
Uganda,27.33,24.42,24.11,28.29,29.9,25.58,25.57,25.3,23.94,21.53,23.35,19.82,19.39,16.55,14.72,8.65,11.39,9.15,13.65,19.4,19.44,16.08,8.38,8.66,12.69,13.74,12.81,8.25,7.57,7.95,7.24,7.46,8.76,7.06,8.74,11.79,11.96,13.36,9.64,12.25,10.65,11.52,11.21,11.39,12.7,14.18,15.28,16.73,24.28,24.13,20.48,21.49,23.21
Ukraine,,,,,,,,,,,,,,,,,,,,,,,,,,,,,,32.08,27.64,26.12,23.98,25.88,35.39,47.07,45.65,40.59,41.89,53.7,62.44,55.46,55.09,57.75,61.21,51.48,46.62,44.84,46.92,46.38,50.75,54.37,50.92
Upper middle income,,,,,,,,,,,8.97,9.06,9.73,11.2,12.74,11.44,11.86,11.91,12.32,13.93,15.18,15.57,15.73,15.86,16.47,16.06,15.39,18.04,18.98,18.68,19.59,19.67,20.79,20.47,22.21,23.14,23.76,24.52,24.07,25.01,27.82,27.21,28.85,30.7,33.25,34.62,35.86,35.28,34.5,28.67,30.77,31.8,30.28
Uruguay,13.88,14.3,11.44,12.12,12.04,18.38,17.17,14.6,15.19,13.4,13.88,10.28,15.44,10.42,14.38,16.78,19.56,19.9,18.85,16.83,15.03,15.2,14.33,25.69,26.58,26.76,26.22,21.65,22.06,23.49,23.53,20.69,20.45,19.13,19.77,19,19.67,17.46,16.42,15.1,16.7,16.8,20.62,27.43,32.11,30.4,30.3,29.09,30.2,28.26,27.19,27.23,26.26
United States,5.19,5.11,5,5.08,5.32,5.21,5.24,5.26,5.31,5.33,5.55,5.39,5.52,6.67,8.18,8.21,7.96,7.64,7.93,8.74,9.81,9.51,8.47,7.61,7.48,6.98,6.99,7.47,8.46,8.91,9.23,9.64,9.68,9.52,9.86,10.61,10.71,11.08,10.48,10.23,10.63,9.68,9.15,9.06,9.64,10.01,10.67,11.5,12.52,10.98,12.32,13.53,13.52
Uzbekistan,,,,,,,,,,,,,,,,,,,,,,,,,,,,,,,28.84,35.28,27.03,33.72,16.78,36.68,27.69,27.04,22.5,18.15,24.59,28.08,30.81,37.27,40.21,37.85,37.14,39.67,43.55,35.59,31.66,33.08,27.88
St. Vincent and the Grenadines,,,,,,,,,,,,,,,,,,43.27,58.78,51.85,54.95,57.43,58.92,61.33,69.05,73,72.99,64.26,75.97,65.34,65.82,52.84,59.3,50,46.27,51.15,52.89,50.62,49.52,53.39,45.14,40.82,38.54,35.83,35.31,36.37,34.69,30.99,30.07,28.6,27.21,27.07,26.93
"Venezuela, RB",27.1,28.67,29.17,28.87,26.82,25.82,24.34,24.29,22.37,21.33,20.92,22.41,20.44,25.09,38.66,28.83,25.81,23.22,20.41,25.96,28.78,26.84,22.16,19.51,26.81,24.12,19.82,21.44,20.57,34.12,39.45,31.35,26.35,26.96,30.86,27.11,36.51,29.26,20.92,22.91,29.74,22.74,30.43,33.85,36.2,39.66,36.52,31.13,30.82,18.07,28.53,29.94,26.17
Virgin Islands (U.S.),,,,,,,,,,,,,,,,,,,,,,,,,,,,,,,,,,,,,,,,,,,,,,,,,,,,,
Vietnam,,,,,,,,,,,,,,,,,,,,,,,,,,,6.62,6,3.95,23.85,36.04,30.92,34.75,28.72,34.01,32.81,40.87,43.1,44.85,49.97,49.97,51,50.58,52.47,54.9,63.7,67.72,70.52,70.34,62.97,72,79.39,80.03
Vanuatu,,,,,,,,,,,,,,,,,,,,,33.15,38.37,42.77,54.23,57.68,48.73,34.76,35.78,35.51,37.4,47.08,42.65,45.61,46,45.32,44.65,45.96,52.14,42.29,37.38,39.18,37.96,42.31,43.28,45.6,45.38,41.27,40.79,45.16,49.11,46.65,44.89,47.52
West Bank and Gaza,,,,,,,,,,,,,,,,,,,,,,,,,,,,,,,,,,,14.62,15.5,16.67,15.84,17.68,16.4,15.99,16.08,15.6,14.03,14.61,14.05,,,,,,,
Taiwan (World Bank),11.34,13.78,13.39,17.62,19.65,18.97,21.45,21.76,23.85,26.36,29.71,34.85,41.42,46.3,43.1,38.83,46.6,47.95,51.35,52.28,51.44,50.82,48.88,51.5,54.66,53.06,55.98,55.51,53.03,48.52,45.09,45.83,41.81,42.42,42.12,46.14,45.94,46.58,46.39,46.4,51.91,48.66,50.81,54.02,59.94,60.62,65.79,69.74,70.19,60.39,70.92,72.8,70.44
World,12.83,12.42,12.25,12.34,12.48,12.68,12.94,12.69,13.55,13.97,14.01,14.1,14.27,15.75,17.76,16.85,17.4,17.52,17.32,18.34,19.45,19.82,19.19,18.93,19.79,19.5,18.06,18.51,18.95,19.46,19.73,19.66,20.48,20.19,20.89,22.05,22.31,23.3,23.5,23.66,25.82,25.21,24.98,25.24,26.7,27.74,29.13,29.55,30.39,26.54,28.86,30.56,30.25
Japan,10.72,9.28,9.43,9.04,9.49,10.52,10.58,9.65,10.11,10.56,10.59,11.48,10.38,9.84,13.33,12.54,13.29,12.84,10.9,11.34,13.42,14.4,14.2,13.63,14.72,14.09,11.1,10.15,9.76,10.24,10.29,9.87,9.77,9.06,9,9.05,9.7,10.73,10.78,10.17,10.88,10.45,11.25,11.87,13.21,14.31,16.17,17.75,17.71,12.7,15.17,15.15,14.66
Taiwan,11.28,13.73,13.37,17.63,19.68,19.04,21.56,21.89,24.02,26.57,29.97,35.18,41.81,46.68,43.39,39.1,46.89,48.23,51.59,52.46,51.53,50.86,49.07,51.6,54.82,53.48,56.46,56.28,55.03,48.97,45.72,46.48,42.46,43.2,42.84,47.01,46.8,47.66,47.37,47.28,52.93,49.97,52.22,55.49,61.42,62.53,68,72.07,72.97,62.49,73.8,75.96,73.35
Samoa,,,,,,,,,,,,,,,,,,,,,,,,,,,,,,,,,,,23.51,34.62,35.36,32.7,36.31,35.79,33.82,34.58,32.88,31.29,31.65,31.87,32.46,32.86,32.72,33.99,32.81,33.69,32.09
"Yemen, Rep.",,,,,,,,,,,,,,,,,,,,,,,,,,,,,,,12.21,11.02,10.44,12.58,12.51,22.37,38.51,36.28,26.54,34.84,41.41,35.9,37,36.44,36.38,40.9,41.26,35.9,37.84,28.22,30.48,,
South Africa,30.64,30.72,30.47,29.51,28.4,26.48,26.04,25.3,25.98,23.66,21.8,21.89,25.35,25.36,27.98,27.69,27.74,30.24,32.36,35.21,35.38,28.35,26.45,24.73,25.47,31.42,30.57,30.26,29.1,26.69,24.24,21.75,21.34,22.48,22.1,22.77,24.73,24.6,25.65,25.33,27.87,30.13,32.92,27.88,26.42,27.38,30.01,31.48,35.88,27.31,27.36,29.28,28.26
"Congo, Dem. Rep.",18.92,9.86,7.75,31.8,33.5,25.92,31.12,15.55,14.52,13.18,15.46,12.14,11.25,13.44,16.18,9.96,12.15,10.33,12.35,12.65,16.48,14.14,12.15,16.24,26.01,27.51,24.71,25.98,25.5,25.49,29.5,20.38,16.68,11.33,22.63,28.48,30,18.75,29.79,23.64,22.39,18.63,21.1,26.64,30.68,33.62,34.21,65.16,61.3,45.08,68.18,70.02,55.49
Zambia,55.18,52.36,52.56,54.66,60.45,49.25,51.49,49.62,48.44,62.7,53.64,42.39,43.82,49.14,50.39,36.6,43.29,39.34,33.56,45.42,41.39,28.63,27.68,32.92,35.07,36.44,42.15,39.48,33.31,26.81,35.88,34.61,36.39,33.57,36,36.02,31.33,30.12,26.9,27.22,26.48,28.14,28.5,28.34,37.78,34.57,38.49,40.91,35.37,35.01,46.78,46.04,46.38
Zimbabwe,,,,,,,,,,,,,,,,22.76,21.96,21.4,22.02,21.8,23.37,19.43,16.93,16.44,20.56,22.21,24.05,24.02,23.74,23.34,22.87,23.88,27.23,30.72,34.6,38.24,36.13,37.6,43.39,37.41,38.16,34.96,31.83,32.4,34.47,33.55,35.96,37.79,41.47,29.31,47.64,53.81,44.31
